_id,Year/Année,Parent who gave birth/Parent qui a donné naissance,Age of Father or Parent / Âge du père ou parent,Births/Naissances
1,2012,15,<20,59
2,2012,15,20-24,7
3,2012,15,25-29,1
4,2012,15,30-34,0
5,2012,15,35-39,0
6,2012,15,40-44,0
7,2012,15,45-49,0
8,2012,15,50-54,0
9,2012,15,55-59,0
10,2012,15,60+,0
11,2012,15,N.S./N.P.,33
12,2012,16,<20,150
13,2012,16,20-24,52
14,2012,16,25-29,4
15,2012,16,30-34,1
16,2012,16,35-39,0
17,2012,16,40-44,1
18,2012,16,45-49,0
19,2012,16,50-54,0
20,2012,16,55-59,0
21,2012,16,60+,0
22,2012,16,N.S./N.P.,104
23,2012,17,<20,291
24,2012,17,20-24,178
25,2012,17,25-29,26
26,2012,17,30-34,7
27,2012,17,35-39,0
28,2012,17,40-44,0
29,2012,17,45-49,0
30,2012,17,50-54,0
31,2012,17,55-59,0
32,2012,17,60+,0
33,2012,17,N.S./N.P.,219
34,2012,18,<20,321
35,2012,18,20-24,403
36,2012,18,25-29,92
37,2012,18,30-34,17
38,2012,18,35-39,3
39,2012,18,40-44,4
40,2012,18,45-49,2
41,2012,18,50-54,1
42,2012,18,55-59,0
43,2012,18,60+,0
44,2012,18,N.S./N.P.,273
45,2012,19,<20,288
46,2012,19,20-24,797
47,2012,19,25-29,223
48,2012,19,30-34,67
49,2012,19,35-39,15
50,2012,19,40-44,8
51,2012,19,45-49,4
52,2012,19,50-54,1
53,2012,19,55-59,0
54,2012,19,60+,0
55,2012,19,N.S./N.P.,357
56,2012,20,<20,143
57,2012,20,20-24,1116
58,2012,20,25-29,380
59,2012,20,30-34,104
60,2012,20,35-39,31
61,2012,20,40-44,13
62,2012,20,45-49,7
63,2012,20,50-54,3
64,2012,20,55-59,0
65,2012,20,60+,0
66,2012,20,N.S./N.P.,387
67,2012,21,<20,72
68,2012,21,20-24,1339
69,2012,21,25-29,680
70,2012,21,30-34,197
71,2012,21,35-39,59
72,2012,21,40-44,13
73,2012,21,45-49,3
74,2012,21,50-54,5
75,2012,21,55-59,0
76,2012,21,60+,0
77,2012,21,N.S./N.P.,408
78,2012,22,<20,18
79,2012,22,20-24,1300
80,2012,22,25-29,1177
81,2012,22,30-34,374
82,2012,22,35-39,122
83,2012,22,40-44,34
84,2012,22,45-49,10
85,2012,22,50-54,3
86,2012,22,55-59,1
87,2012,22,60+,0
88,2012,22,N.S./N.P.,411
89,2012,23,<20,16
90,2012,23,20-24,1080
91,2012,23,25-29,1532
92,2012,23,30-34,524
93,2012,23,35-39,183
94,2012,23,40-44,50
95,2012,23,45-49,18
96,2012,23,50-54,3
97,2012,23,55-59,1
98,2012,23,60+,1
99,2012,23,N.S./N.P.,375
100,2012,24,<20,8
101,2012,24,20-24,850
102,2012,24,25-29,2236
103,2012,24,30-34,808
104,2012,24,35-39,229
105,2012,24,40-44,76
106,2012,24,45-49,24
107,2012,24,50-54,6
108,2012,24,55-59,4
109,2012,24,60+,0
110,2012,24,N.S./N.P.,378
111,2012,25,<20,4
112,2012,25,20-24,506
113,2012,25,25-29,2916
114,2012,25,30-34,1315
115,2012,25,35-39,368
116,2012,25,40-44,111
117,2012,25,45-49,37
118,2012,25,50-54,8
119,2012,25,55-59,2
120,2012,25,60+,3
121,2012,25,N.S./N.P.,373
122,2012,26,<20,5
123,2012,26,20-24,302
124,2012,26,25-29,3569
125,2012,26,30-34,1986
126,2012,26,35-39,536
127,2012,26,40-44,162
128,2012,26,45-49,62
129,2012,26,50-54,12
130,2012,26,55-59,1
131,2012,26,60+,5
132,2012,26,N.S./N.P.,406
133,2012,27,<20,2
134,2012,27,20-24,188
135,2012,27,25-29,3699
136,2012,27,30-34,2706
137,2012,27,35-39,793
138,2012,27,40-44,192
139,2012,27,45-49,64
140,2012,27,50-54,17
141,2012,27,55-59,5
142,2012,27,60+,3
143,2012,27,N.S./N.P.,382
144,2012,28,<20,4
145,2012,28,20-24,159
146,2012,28,25-29,3409
147,2012,28,30-34,3684
148,2012,28,35-39,1112
149,2012,28,40-44,286
150,2012,28,45-49,85
151,2012,28,50-54,24
152,2012,28,55-59,4
153,2012,28,60+,3
154,2012,28,N.S./N.P.,364
155,2012,29,<20,3
156,2012,29,20-24,111
157,2012,29,25-29,2646
158,2012,29,30-34,4904
159,2012,29,35-39,1517
160,2012,29,40-44,374
161,2012,29,45-49,102
162,2012,29,50-54,20
163,2012,29,55-59,10
164,2012,29,60+,0
165,2012,29,N.S./N.P.,357
166,2012,30,<20,2
167,2012,30,20-24,61
168,2012,30,25-29,1624
169,2012,30,30-34,5979
170,2012,30,35-39,1978
171,2012,30,40-44,529
172,2012,30,45-49,149
173,2012,30,50-54,37
174,2012,30,55-59,9
175,2012,30,60+,3
176,2012,30,N.S./N.P.,323
177,2012,31,<20,0
178,2012,31,20-24,49
179,2012,31,25-29,850
180,2012,31,30-34,6131
181,2012,31,35-39,2555
182,2012,31,40-44,640
183,2012,31,45-49,183
184,2012,31,50-54,51
185,2012,31,55-59,9
186,2012,31,60+,3
187,2012,31,N.S./N.P.,277
188,2012,32,<20,0
189,2012,32,20-24,41
190,2012,32,25-29,590
191,2012,32,30-34,5362
192,2012,32,35-39,3058
193,2012,32,40-44,857
194,2012,32,45-49,199
195,2012,32,50-54,58
196,2012,32,55-59,18
197,2012,32,60+,7
198,2012,32,N.S./N.P.,301
199,2012,33,<20,0
200,2012,33,20-24,22
201,2012,33,25-29,355
202,2012,33,30-34,4124
203,2012,33,35-39,3517
204,2012,33,40-44,884
205,2012,33,45-49,263
206,2012,33,50-54,59
207,2012,33,55-59,11
208,2012,33,60+,5
209,2012,33,N.S./N.P.,252
210,2012,34,<20,0
211,2012,34,20-24,22
212,2012,34,25-29,276
213,2012,34,30-34,2776
214,2012,34,35-39,3871
215,2012,34,40-44,1083
216,2012,34,45-49,277
217,2012,34,50-54,64
218,2012,34,55-59,23
219,2012,34,60+,15
220,2012,34,N.S./N.P.,242
221,2012,35,<20,0
222,2012,35,20-24,24
223,2012,35,25-29,198
224,2012,35,30-34,1607
225,2012,35,35-39,3809
226,2012,35,40-44,1256
227,2012,35,45-49,304
228,2012,35,50-54,91
229,2012,35,55-59,26
230,2012,35,60+,5
231,2012,35,N.S./N.P.,199
232,2012,36,<20,0
233,2012,36,20-24,16
234,2012,36,25-29,119
235,2012,36,30-34,954
236,2012,36,35-39,3189
237,2012,36,40-44,1435
238,2012,36,45-49,354
239,2012,36,50-54,77
240,2012,36,55-59,18
241,2012,36,60+,6
242,2012,36,N.S./N.P.,196
243,2012,37,<20,0
244,2012,37,20-24,14
245,2012,37,25-29,85
246,2012,37,30-34,579
247,2012,37,35-39,2479
248,2012,37,40-44,1399
249,2012,37,45-49,385
250,2012,37,50-54,94
251,2012,37,55-59,16
252,2012,37,60+,11
253,2012,37,N.S./N.P.,167
254,2012,38,<20,0
255,2012,38,20-24,12
256,2012,38,25-29,49
257,2012,38,30-34,328
258,2012,38,35-39,1617
259,2012,38,40-44,1243
260,2012,38,45-49,381
261,2012,38,50-54,93
262,2012,38,55-59,19
263,2012,38,60+,10
264,2012,38,N.S./N.P.,148
265,2012,39,<20,0
266,2012,39,20-24,4
267,2012,39,25-29,42
268,2012,39,30-34,231
269,2012,39,35-39,981
270,2012,39,40-44,1139
271,2012,39,45-49,390
272,2012,39,50-54,114
273,2012,39,55-59,23
274,2012,39,60+,9
275,2012,39,N.S./N.P.,129
276,2012,40,<20,0
277,2012,40,20-24,5
278,2012,40,25-29,32
279,2012,40,30-34,122
280,2012,40,35-39,516
281,2012,40,40-44,1017
282,2012,40,45-49,335
283,2012,40,50-54,96
284,2012,40,55-59,21
285,2012,40,60+,14
286,2012,40,N.S./N.P.,106
287,2012,41,<20,0
288,2012,41,20-24,3
289,2012,41,25-29,17
290,2012,41,30-34,72
291,2012,41,35-39,285
292,2012,41,40-44,666
293,2012,41,45-49,308
294,2012,41,50-54,80
295,2012,41,55-59,21
296,2012,41,60+,2
297,2012,41,N.S./N.P.,75
298,2012,42,<20,0
299,2012,42,20-24,0
300,2012,42,25-29,7
301,2012,42,30-34,47
302,2012,42,35-39,133
303,2012,42,40-44,417
304,2012,42,45-49,204
305,2012,42,50-54,53
306,2012,42,55-59,12
307,2012,42,60+,6
308,2012,42,N.S./N.P.,45
309,2012,43,<20,0
310,2012,43,20-24,0
311,2012,43,25-29,1
312,2012,43,30-34,19
313,2012,43,35-39,74
314,2012,43,40-44,213
315,2012,43,45-49,166
316,2012,43,50-54,57
317,2012,43,55-59,18
318,2012,43,60+,2
319,2012,43,N.S./N.P.,36
320,2012,44,<20,0
321,2012,44,20-24,1
322,2012,44,25-29,2
323,2012,44,30-34,13
324,2012,44,35-39,30
325,2012,44,40-44,88
326,2012,44,45-49,112
327,2012,44,50-54,32
328,2012,44,55-59,10
329,2012,44,60+,2
330,2012,44,N.S./N.P.,24
331,2012,<15,<20,3
332,2012,<15,20-24,1
333,2012,<15,25-29,0
334,2012,<15,30-34,1
335,2012,<15,35-39,0
336,2012,<15,40-44,0
337,2012,<15,45-49,0
338,2012,<15,50-54,0
339,2012,<15,55-59,0
340,2012,<15,60+,0
341,2012,<15,N.S./N.P.,6
342,2012,>44,<20,0
343,2012,>44,20-24,0
344,2012,>44,25-29,0
345,2012,>44,30-34,9
346,2012,>44,35-39,39
347,2012,>44,40-44,85
348,2012,>44,45-49,132
349,2012,>44,50-54,53
350,2012,>44,55-59,19
351,2012,>44,60+,14
352,2012,>44,N.S./N.P.,26
353,2012,N.S./N.P.,<20,0
354,2012,N.S./N.P.,20-24,1
355,2012,N.S./N.P.,25-29,0
356,2012,N.S./N.P.,30-34,0
357,2012,N.S./N.P.,35-39,3
358,2012,N.S./N.P.,40-44,1
359,2012,N.S./N.P.,45-49,2
360,2012,N.S./N.P.,50-54,0
361,2012,N.S./N.P.,55-59,0
362,2012,N.S./N.P.,60+,0
363,2012,N.S./N.P.,N.S./N.P.,1756
364,2013,15,<20,46
365,2013,15,20-24,8
366,2013,15,25-29,0
367,2013,15,30-34,0
368,2013,15,35-39,0
369,2013,15,40-44,0
370,2013,15,45-49,0
371,2013,15,50-54,0
372,2013,15,55-59,0
373,2013,15,60+,0
374,2013,15,N.S./N.P.,19
375,2013,16,<20,131
376,2013,16,20-24,41
377,2013,16,25-29,5
378,2013,16,30-34,1
379,2013,16,35-39,1
380,2013,16,40-44,0
381,2013,16,45-49,0
382,2013,16,50-54,0
383,2013,16,55-59,0
384,2013,16,60+,0
385,2013,16,N.S./N.P.,96
386,2013,17,<20,273
387,2013,17,20-24,150
388,2013,17,25-29,25
389,2013,17,30-34,2
390,2013,17,35-39,2
391,2013,17,40-44,2
392,2013,17,45-49,0
393,2013,17,50-54,1
394,2013,17,55-59,0
395,2013,17,60+,0
396,2013,17,N.S./N.P.,151
397,2013,18,<20,303
398,2013,18,20-24,377
399,2013,18,25-29,71
400,2013,18,30-34,15
401,2013,18,35-39,8
402,2013,18,40-44,0
403,2013,18,45-49,3
404,2013,18,50-54,0
405,2013,18,55-59,0
406,2013,18,60+,0
407,2013,18,N.S./N.P.,234
408,2013,19,<20,255
409,2013,19,20-24,689
410,2013,19,25-29,181
411,2013,19,30-34,52
412,2013,19,35-39,21
413,2013,19,40-44,4
414,2013,19,45-49,3
415,2013,19,50-54,0
416,2013,19,55-59,1
417,2013,19,60+,0
418,2013,19,N.S./N.P.,336
419,2013,20,<20,136
420,2013,20,20-24,1097
421,2013,20,25-29,345
422,2013,20,30-34,125
423,2013,20,35-39,26
424,2013,20,40-44,7
425,2013,20,45-49,8
426,2013,20,50-54,1
427,2013,20,55-59,0
428,2013,20,60+,0
429,2013,20,N.S./N.P.,348
430,2013,21,<20,69
431,2013,21,20-24,1179
432,2013,21,25-29,657
433,2013,21,30-34,188
434,2013,21,35-39,54
435,2013,21,40-44,13
436,2013,21,45-49,4
437,2013,21,50-54,2
438,2013,21,55-59,0
439,2013,21,60+,0
440,2013,21,N.S./N.P.,353
441,2013,22,<20,24
442,2013,22,20-24,1225
443,2013,22,25-29,1031
444,2013,22,30-34,360
445,2013,22,35-39,94
446,2013,22,40-44,25
447,2013,22,45-49,9
448,2013,22,50-54,1
449,2013,22,55-59,1
450,2013,22,60+,1
451,2013,22,N.S./N.P.,397
452,2013,23,<20,17
453,2013,23,20-24,1061
454,2013,23,25-29,1534
455,2013,23,30-34,564
456,2013,23,35-39,148
457,2013,23,40-44,44
458,2013,23,45-49,17
459,2013,23,50-54,6
460,2013,23,55-59,4
461,2013,23,60+,0
462,2013,23,N.S./N.P.,350
463,2013,24,<20,13
464,2013,24,20-24,827
465,2013,24,25-29,2073
466,2013,24,30-34,806
467,2013,24,35-39,215
468,2013,24,40-44,69
469,2013,24,45-49,20
470,2013,24,50-54,9
471,2013,24,55-59,1
472,2013,24,60+,2
473,2013,24,N.S./N.P.,362
474,2013,25,<20,7
475,2013,25,20-24,479
476,2013,25,25-29,2883
477,2013,25,30-34,1192
478,2013,25,35-39,355
479,2013,25,40-44,113
480,2013,25,45-49,26
481,2013,25,50-54,5
482,2013,25,55-59,2
483,2013,25,60+,0
484,2013,25,N.S./N.P.,368
485,2013,26,<20,4
486,2013,26,20-24,259
487,2013,26,25-29,3378
488,2013,26,30-34,1834
489,2013,26,35-39,545
490,2013,26,40-44,143
491,2013,26,45-49,46
492,2013,26,50-54,11
493,2013,26,55-59,5
494,2013,26,60+,1
495,2013,26,N.S./N.P.,343
496,2013,27,<20,5
497,2013,27,20-24,208
498,2013,27,25-29,3632
499,2013,27,30-34,2648
500,2013,27,35-39,754
501,2013,27,40-44,178
502,2013,27,45-49,52
503,2013,27,50-54,19
504,2013,27,55-59,5
505,2013,27,60+,3
506,2013,27,N.S./N.P.,365
507,2013,28,<20,1
508,2013,28,20-24,140
509,2013,28,25-29,3366
510,2013,28,30-34,3768
511,2013,28,35-39,1088
512,2013,28,40-44,280
513,2013,28,45-49,88
514,2013,28,50-54,29
515,2013,28,55-59,4
516,2013,28,60+,3
517,2013,28,N.S./N.P.,349
518,2013,29,<20,2
519,2013,29,20-24,81
520,2013,29,25-29,2605
521,2013,29,30-34,4857
522,2013,29,35-39,1496
523,2013,29,40-44,367
524,2013,29,45-49,89
525,2013,29,50-54,30
526,2013,29,55-59,6
527,2013,29,60+,3
528,2013,29,N.S./N.P.,327
529,2013,30,<20,1
530,2013,30,20-24,75
531,2013,30,25-29,1619
532,2013,30,30-34,6136
533,2013,30,35-39,1950
534,2013,30,40-44,497
535,2013,30,45-49,118
536,2013,30,50-54,37
537,2013,30,55-59,9
538,2013,30,60+,5
539,2013,30,N.S./N.P.,323
540,2013,31,<20,0
541,2013,31,20-24,41
542,2013,31,25-29,920
543,2013,31,30-34,6341
544,2013,31,35-39,2490
545,2013,31,40-44,687
546,2013,31,45-49,145
547,2013,31,50-54,39
548,2013,31,55-59,13
549,2013,31,60+,5
550,2013,31,N.S./N.P.,340
551,2013,32,<20,0
552,2013,32,20-24,37
553,2013,32,25-29,575
554,2013,32,30-34,5502
555,2013,32,35-39,2972
556,2013,32,40-44,792
557,2013,32,45-49,219
558,2013,32,50-54,62
559,2013,32,55-59,27
560,2013,32,60+,6
561,2013,32,N.S./N.P.,274
562,2013,33,<20,2
563,2013,33,20-24,30
564,2013,33,25-29,408
565,2013,33,30-34,4259
566,2013,33,35-39,3563
567,2013,33,40-44,992
568,2013,33,45-49,215
569,2013,33,50-54,81
570,2013,33,55-59,14
571,2013,33,60+,7
572,2013,33,N.S./N.P.,241
573,2013,34,<20,1
574,2013,34,20-24,19
575,2013,34,25-29,255
576,2013,34,30-34,2866
577,2013,34,35-39,3898
578,2013,34,40-44,1124
579,2013,34,45-49,267
580,2013,34,50-54,68
581,2013,34,55-59,14
582,2013,34,60+,12
583,2013,34,N.S./N.P.,225
584,2013,35,<20,0
585,2013,35,20-24,20
586,2013,35,25-29,161
587,2013,35,30-34,1616
588,2013,35,35-39,3863
589,2013,35,40-44,1160
590,2013,35,45-49,320
591,2013,35,50-54,90
592,2013,35,55-59,15
593,2013,35,60+,4
594,2013,35,N.S./N.P.,232
595,2013,36,<20,0
596,2013,36,20-24,13
597,2013,36,25-29,131
598,2013,36,30-34,922
599,2013,36,35-39,3192
600,2013,36,40-44,1306
601,2013,36,45-49,346
602,2013,36,50-54,88
603,2013,36,55-59,35
604,2013,36,60+,7
605,2013,36,N.S./N.P.,197
606,2013,37,<20,0
607,2013,37,20-24,9
608,2013,37,25-29,89
609,2013,37,30-34,559
610,2013,37,35-39,2378
611,2013,37,40-44,1287
612,2013,37,45-49,407
613,2013,37,50-54,95
614,2013,37,55-59,30
615,2013,37,60+,5
616,2013,37,N.S./N.P.,176
617,2013,38,<20,0
618,2013,38,20-24,5
619,2013,38,25-29,70
620,2013,38,30-34,390
621,2013,38,35-39,1685
622,2013,38,40-44,1304
623,2013,38,45-49,393
624,2013,38,50-54,104
625,2013,38,55-59,22
626,2013,38,60+,5
627,2013,38,N.S./N.P.,156
628,2013,39,<20,0
629,2013,39,20-24,3
630,2013,39,25-29,42
631,2013,39,30-34,198
632,2013,39,35-39,977
633,2013,39,40-44,1136
634,2013,39,45-49,357
635,2013,39,50-54,105
636,2013,39,55-59,23
637,2013,39,60+,7
638,2013,39,N.S./N.P.,134
639,2013,40,<20,1
640,2013,40,20-24,2
641,2013,40,25-29,29
642,2013,40,30-34,127
643,2013,40,35-39,502
644,2013,40,40-44,887
645,2013,40,45-49,352
646,2013,40,50-54,93
647,2013,40,55-59,21
648,2013,40,60+,5
649,2013,40,N.S./N.P.,100
650,2013,41,<20,1
651,2013,41,20-24,0
652,2013,41,25-29,15
653,2013,41,30-34,86
654,2013,41,35-39,252
655,2013,41,40-44,631
656,2013,41,45-49,286
657,2013,41,50-54,77
658,2013,41,55-59,18
659,2013,41,60+,6
660,2013,41,N.S./N.P.,68
661,2013,42,<20,0
662,2013,42,20-24,4
663,2013,42,25-29,12
664,2013,42,30-34,59
665,2013,42,35-39,135
666,2013,42,40-44,420
667,2013,42,45-49,220
668,2013,42,50-54,74
669,2013,42,55-59,22
670,2013,42,60+,2
671,2013,42,N.S./N.P.,62
672,2013,43,<20,0
673,2013,43,20-24,1
674,2013,43,25-29,4
675,2013,43,30-34,19
676,2013,43,35-39,60
677,2013,43,40-44,216
678,2013,43,45-49,165
679,2013,43,50-54,37
680,2013,43,55-59,13
681,2013,43,60+,4
682,2013,43,N.S./N.P.,49
683,2013,44,<20,0
684,2013,44,20-24,0
685,2013,44,25-29,4
686,2013,44,30-34,8
687,2013,44,35-39,32
688,2013,44,40-44,107
689,2013,44,45-49,86
690,2013,44,50-54,32
691,2013,44,55-59,5
692,2013,44,60+,4
693,2013,44,N.S./N.P.,23
694,2013,<15,<20,8
695,2013,<15,20-24,2
696,2013,<15,25-29,0
697,2013,<15,30-34,0
698,2013,<15,35-39,0
699,2013,<15,40-44,0
700,2013,<15,45-49,0
701,2013,<15,50-54,0
702,2013,<15,55-59,0
703,2013,<15,60+,0
704,2013,<15,N.S./N.P.,6
705,2013,>44,<20,0
706,2013,>44,20-24,0
707,2013,>44,25-29,2
708,2013,>44,30-34,12
709,2013,>44,35-39,29
710,2013,>44,40-44,70
711,2013,>44,45-49,137
712,2013,>44,50-54,78
713,2013,>44,55-59,26
714,2013,>44,60+,18
715,2013,>44,N.S./N.P.,46
716,2013,N.S./N.P.,<20,0
717,2013,N.S./N.P.,20-24,0
718,2013,N.S./N.P.,25-29,5
719,2013,N.S./N.P.,30-34,2
720,2013,N.S./N.P.,35-39,2
721,2013,N.S./N.P.,40-44,2
722,2013,N.S./N.P.,45-49,4
723,2013,N.S./N.P.,50-54,1
724,2013,N.S./N.P.,55-59,0
725,2013,N.S./N.P.,60+,0
726,2013,N.S./N.P.,N.S./N.P.,1586
727,2014,15,<20,37
728,2014,15,20-24,3
729,2014,15,25-29,2
730,2014,15,30-34,0
731,2014,15,35-39,0
732,2014,15,40-44,0
733,2014,15,45-49,0
734,2014,15,50-54,0
735,2014,15,55-59,0
736,2014,15,60+,0
737,2014,15,N.S./N.P.,26
738,2014,16,<20,117
739,2014,16,20-24,30
740,2014,16,25-29,5
741,2014,16,30-34,1
742,2014,16,35-39,0
743,2014,16,40-44,1
744,2014,16,45-49,0
745,2014,16,50-54,0
746,2014,16,55-59,0
747,2014,16,60+,0
748,2014,16,N.S./N.P.,65
749,2014,17,<20,222
750,2014,17,20-24,137
751,2014,17,25-29,24
752,2014,17,30-34,2
753,2014,17,35-39,2
754,2014,17,40-44,1
755,2014,17,45-49,0
756,2014,17,50-54,0
757,2014,17,55-59,0
758,2014,17,60+,0
759,2014,17,N.S./N.P.,110
760,2014,18,<20,286
761,2014,18,20-24,337
762,2014,18,25-29,57
763,2014,18,30-34,28
764,2014,18,35-39,5
765,2014,18,40-44,3
766,2014,18,45-49,0
767,2014,18,50-54,0
768,2014,18,55-59,0
769,2014,18,60+,0
770,2014,18,N.S./N.P.,217
771,2014,19,<20,259
772,2014,19,20-24,673
773,2014,19,25-29,184
774,2014,19,30-34,43
775,2014,19,35-39,14
776,2014,19,40-44,2
777,2014,19,45-49,2
778,2014,19,50-54,0
779,2014,19,55-59,1
780,2014,19,60+,0
781,2014,19,N.S./N.P.,267
782,2014,20,<20,131
783,2014,20,20-24,1025
784,2014,20,25-29,370
785,2014,20,30-34,105
786,2014,20,35-39,29
787,2014,20,40-44,2
788,2014,20,45-49,7
789,2014,20,50-54,1
790,2014,20,55-59,0
791,2014,20,60+,0
792,2014,20,N.S./N.P.,333
793,2014,21,<20,72
794,2014,21,20-24,1206
795,2014,21,25-29,618
796,2014,21,30-34,185
797,2014,21,35-39,52
798,2014,21,40-44,13
799,2014,21,45-49,5
800,2014,21,50-54,2
801,2014,21,55-59,2
802,2014,21,60+,0
803,2014,21,N.S./N.P.,323
804,2014,22,<20,26
805,2014,22,20-24,1232
806,2014,22,25-29,947
807,2014,22,30-34,288
808,2014,22,35-39,88
809,2014,22,40-44,30
810,2014,22,45-49,8
811,2014,22,50-54,3
812,2014,22,55-59,2
813,2014,22,60+,0
814,2014,22,N.S./N.P.,340
815,2014,23,<20,11
816,2014,23,20-24,1116
817,2014,23,25-29,1537
818,2014,23,30-34,522
819,2014,23,35-39,121
820,2014,23,40-44,44
821,2014,23,45-49,14
822,2014,23,50-54,4
823,2014,23,55-59,1
824,2014,23,60+,0
825,2014,23,N.S./N.P.,350
826,2014,24,<20,10
827,2014,24,20-24,890
828,2014,24,25-29,2173
829,2014,24,30-34,823
830,2014,24,35-39,220
831,2014,24,40-44,67
832,2014,24,45-49,14
833,2014,24,50-54,11
834,2014,24,55-59,4
835,2014,24,60+,2
836,2014,24,N.S./N.P.,335
837,2014,25,<20,5
838,2014,25,20-24,473
839,2014,25,25-29,2722
840,2014,25,30-34,1229
841,2014,25,35-39,328
842,2014,25,40-44,102
843,2014,25,45-49,36
844,2014,25,50-54,12
845,2014,25,55-59,6
846,2014,25,60+,2
847,2014,25,N.S./N.P.,314
848,2014,26,<20,5
849,2014,26,20-24,306
850,2014,26,25-29,3395
851,2014,26,30-34,1774
852,2014,26,35-39,474
853,2014,26,40-44,105
854,2014,26,45-49,50
855,2014,26,50-54,16
856,2014,26,55-59,7
857,2014,26,60+,0
858,2014,26,N.S./N.P.,299
859,2014,27,<20,5
860,2014,27,20-24,170
861,2014,27,25-29,3586
862,2014,27,30-34,2638
863,2014,27,35-39,723
864,2014,27,40-44,194
865,2014,27,45-49,65
866,2014,27,50-54,17
867,2014,27,55-59,4
868,2014,27,60+,2
869,2014,27,N.S./N.P.,325
870,2014,28,<20,6
871,2014,28,20-24,118
872,2014,28,25-29,3457
873,2014,28,30-34,3720
874,2014,28,35-39,1036
875,2014,28,40-44,272
876,2014,28,45-49,65
877,2014,28,50-54,21
878,2014,28,55-59,5
879,2014,28,60+,3
880,2014,28,N.S./N.P.,361
881,2014,29,<20,3
882,2014,29,20-24,97
883,2014,29,25-29,2702
884,2014,29,30-34,5085
885,2014,29,35-39,1450
886,2014,29,40-44,389
887,2014,29,45-49,102
888,2014,29,50-54,37
889,2014,29,55-59,9
890,2014,29,60+,1
891,2014,29,N.S./N.P.,331
892,2014,30,<20,1
893,2014,30,20-24,65
894,2014,30,25-29,1580
895,2014,30,30-34,6162
896,2014,30,35-39,1880
897,2014,30,40-44,486
898,2014,30,45-49,125
899,2014,30,50-54,39
900,2014,30,55-59,10
901,2014,30,60+,6
902,2014,30,N.S./N.P.,361
903,2014,31,<20,2
904,2014,31,20-24,44
905,2014,31,25-29,923
906,2014,31,30-34,6418
907,2014,31,35-39,2549
908,2014,31,40-44,626
909,2014,31,45-49,146
910,2014,31,50-54,48
911,2014,31,55-59,10
912,2014,31,60+,1
913,2014,31,N.S./N.P.,287
914,2014,32,<20,1
915,2014,32,20-24,41
916,2014,32,25-29,575
917,2014,32,30-34,5716
918,2014,32,35-39,3050
919,2014,32,40-44,763
920,2014,32,45-49,215
921,2014,32,50-54,53
922,2014,32,55-59,19
923,2014,32,60+,5
924,2014,32,N.S./N.P.,258
925,2014,33,<20,0
926,2014,33,20-24,29
927,2014,33,25-29,365
928,2014,33,30-34,4457
929,2014,33,35-39,3563
930,2014,33,40-44,980
931,2014,33,45-49,223
932,2014,33,50-54,62
933,2014,33,55-59,24
934,2014,33,60+,11
935,2014,33,N.S./N.P.,234
936,2014,34,<20,1
937,2014,34,20-24,21
938,2014,34,25-29,247
939,2014,34,30-34,2949
940,2014,34,35-39,3897
941,2014,34,40-44,1105
942,2014,34,45-49,293
943,2014,34,50-54,83
944,2014,34,55-59,25
945,2014,34,60+,16
946,2014,34,N.S./N.P.,193
947,2014,35,<20,0
948,2014,35,20-24,17
949,2014,35,25-29,212
950,2014,35,30-34,1678
951,2014,35,35-39,3976
952,2014,35,40-44,1186
953,2014,35,45-49,299
954,2014,35,50-54,102
955,2014,35,55-59,22
956,2014,35,60+,11
957,2014,35,N.S./N.P.,212
958,2014,36,<20,0
959,2014,36,20-24,11
960,2014,36,25-29,135
961,2014,36,30-34,867
962,2014,36,35-39,3362
963,2014,36,40-44,1352
964,2014,36,45-49,349
965,2014,36,50-54,97
966,2014,36,55-59,20
967,2014,36,60+,8
968,2014,36,N.S./N.P.,221
969,2014,37,<20,0
970,2014,37,20-24,15
971,2014,37,25-29,81
972,2014,37,30-34,533
973,2014,37,35-39,2381
974,2014,37,40-44,1345
975,2014,37,45-49,367
976,2014,37,50-54,81
977,2014,37,55-59,24
978,2014,37,60+,18
979,2014,37,N.S./N.P.,165
980,2014,38,<20,0
981,2014,38,20-24,3
982,2014,38,25-29,68
983,2014,38,30-34,361
984,2014,38,35-39,1688
985,2014,38,40-44,1310
986,2014,38,45-49,379
987,2014,38,50-54,91
988,2014,38,55-59,26
989,2014,38,60+,6
990,2014,38,N.S./N.P.,148
991,2014,39,<20,0
992,2014,39,20-24,7
993,2014,39,25-29,50
994,2014,39,30-34,237
995,2014,39,35-39,1039
996,2014,39,40-44,1135
997,2014,39,45-49,371
998,2014,39,50-54,85
999,2014,39,55-59,19
1000,2014,39,60+,5
1001,2014,39,N.S./N.P.,110
1002,2014,40,<20,0
1003,2014,40,20-24,4
1004,2014,40,25-29,33
1005,2014,40,30-34,120
1006,2014,40,35-39,528
1007,2014,40,40-44,900
1008,2014,40,45-49,356
1009,2014,40,50-54,96
1010,2014,40,55-59,25
1011,2014,40,60+,14
1012,2014,40,N.S./N.P.,96
1013,2014,41,<20,0
1014,2014,41,20-24,1
1015,2014,41,25-29,19
1016,2014,41,30-34,83
1017,2014,41,35-39,288
1018,2014,41,40-44,655
1019,2014,41,45-49,282
1020,2014,41,50-54,97
1021,2014,41,55-59,13
1022,2014,41,60+,9
1023,2014,41,N.S./N.P.,82
1024,2014,42,<20,0
1025,2014,42,20-24,2
1026,2014,42,25-29,15
1027,2014,42,30-34,37
1028,2014,42,35-39,131
1029,2014,42,40-44,406
1030,2014,42,45-49,195
1031,2014,42,50-54,85
1032,2014,42,55-59,24
1033,2014,42,60+,12
1034,2014,42,N.S./N.P.,55
1035,2014,43,<20,0
1036,2014,43,20-24,1
1037,2014,43,25-29,5
1038,2014,43,30-34,26
1039,2014,43,35-39,62
1040,2014,43,40-44,210
1041,2014,43,45-49,138
1042,2014,43,50-54,65
1043,2014,43,55-59,17
1044,2014,43,60+,4
1045,2014,43,N.S./N.P.,34
1046,2014,44,<20,0
1047,2014,44,20-24,0
1048,2014,44,25-29,3
1049,2014,44,30-34,8
1050,2014,44,35-39,26
1051,2014,44,40-44,90
1052,2014,44,45-49,103
1053,2014,44,50-54,41
1054,2014,44,55-59,12
1055,2014,44,60+,2
1056,2014,44,N.S./N.P.,21
1057,2014,<15,<20,7
1058,2014,<15,20-24,0
1059,2014,<15,25-29,0
1060,2014,<15,30-34,0
1061,2014,<15,35-39,0
1062,2014,<15,40-44,0
1063,2014,<15,45-49,0
1064,2014,<15,50-54,0
1065,2014,<15,55-59,0
1066,2014,<15,60+,0
1067,2014,<15,N.S./N.P.,5
1068,2014,>44,<20,0
1069,2014,>44,20-24,0
1070,2014,>44,25-29,1
1071,2014,>44,30-34,8
1072,2014,>44,35-39,34
1073,2014,>44,40-44,94
1074,2014,>44,45-49,153
1075,2014,>44,50-54,77
1076,2014,>44,55-59,24
1077,2014,>44,60+,7
1078,2014,>44,N.S./N.P.,36
1079,2014,N.S./N.P.,<20,1
1080,2014,N.S./N.P.,20-24,0
1081,2014,N.S./N.P.,25-29,1
1082,2014,N.S./N.P.,30-34,0
1083,2014,N.S./N.P.,35-39,0
1084,2014,N.S./N.P.,40-44,4
1085,2014,N.S./N.P.,45-49,0
1086,2014,N.S./N.P.,50-54,2
1087,2014,N.S./N.P.,55-59,0
1088,2014,N.S./N.P.,60+,0
1089,2014,N.S./N.P.,N.S./N.P.,1574
1090,2015,15,<20,26
1091,2015,15,20-24,2
1092,2015,15,25-29,1
1093,2015,15,30-34,0
1094,2015,15,35-39,0
1095,2015,15,40-44,0
1096,2015,15,45-49,0
1097,2015,15,50-54,0
1098,2015,15,55-59,0
1099,2015,15,60+,0
1100,2015,15,N.S./N.P.,22
1101,2015,16,<20,122
1102,2015,16,20-24,32
1103,2015,16,25-29,1
1104,2015,16,30-34,0
1105,2015,16,35-39,0
1106,2015,16,40-44,1
1107,2015,16,45-49,0
1108,2015,16,50-54,0
1109,2015,16,55-59,0
1110,2015,16,60+,0
1111,2015,16,N.S./N.P.,62
1112,2015,17,<20,184
1113,2015,17,20-24,136
1114,2015,17,25-29,23
1115,2015,17,30-34,3
1116,2015,17,35-39,2
1117,2015,17,40-44,1
1118,2015,17,45-49,2
1119,2015,17,50-54,0
1120,2015,17,55-59,0
1121,2015,17,60+,0
1122,2015,17,N.S./N.P.,142
1123,2015,18,<20,275
1124,2015,18,20-24,279
1125,2015,18,25-29,56
1126,2015,18,30-34,13
1127,2015,18,35-39,7
1128,2015,18,40-44,3
1129,2015,18,45-49,0
1130,2015,18,50-54,0
1131,2015,18,55-59,1
1132,2015,18,60+,0
1133,2015,18,N.S./N.P.,178
1134,2015,19,<20,204
1135,2015,19,20-24,640
1136,2015,19,25-29,137
1137,2015,19,30-34,46
1138,2015,19,35-39,12
1139,2015,19,40-44,1
1140,2015,19,45-49,3
1141,2015,19,50-54,0
1142,2015,19,55-59,0
1143,2015,19,60+,0
1144,2015,19,N.S./N.P.,270
1145,2015,20,<20,112
1146,2015,20,20-24,949
1147,2015,20,25-29,354
1148,2015,20,30-34,92
1149,2015,20,35-39,28
1150,2015,20,40-44,12
1151,2015,20,45-49,4
1152,2015,20,50-54,0
1153,2015,20,55-59,1
1154,2015,20,60+,0
1155,2015,20,N.S./N.P.,303
1156,2015,21,<20,58
1157,2015,21,20-24,1147
1158,2015,21,25-29,584
1159,2015,21,30-34,189
1160,2015,21,35-39,56
1161,2015,21,40-44,10
1162,2015,21,45-49,10
1163,2015,21,50-54,4
1164,2015,21,55-59,1
1165,2015,21,60+,0
1166,2015,21,N.S./N.P.,316
1167,2015,22,<20,18
1168,2015,22,20-24,1153
1169,2015,22,25-29,930
1170,2015,22,30-34,308
1171,2015,22,35-39,86
1172,2015,22,40-44,24
1173,2015,22,45-49,11
1174,2015,22,50-54,4
1175,2015,22,55-59,1
1176,2015,22,60+,2
1177,2015,22,N.S./N.P.,322
1178,2015,23,<20,19
1179,2015,23,20-24,1049
1180,2015,23,25-29,1447
1181,2015,23,30-34,472
1182,2015,23,35-39,142
1183,2015,23,40-44,44
1184,2015,23,45-49,10
1185,2015,23,50-54,7
1186,2015,23,55-59,3
1187,2015,23,60+,2
1188,2015,23,N.S./N.P.,345
1189,2015,24,<20,8
1190,2015,24,20-24,864
1191,2015,24,25-29,2088
1192,2015,24,30-34,733
1193,2015,24,35-39,209
1194,2015,24,40-44,54
1195,2015,24,45-49,22
1196,2015,24,50-54,9
1197,2015,24,55-59,2
1198,2015,24,60+,1
1199,2015,24,N.S./N.P.,328
1200,2015,25,<20,7
1201,2015,25,20-24,524
1202,2015,25,25-29,2791
1203,2015,25,30-34,1197
1204,2015,25,35-39,325
1205,2015,25,40-44,103
1206,2015,25,45-49,18
1207,2015,25,50-54,10
1208,2015,25,55-59,5
1209,2015,25,60+,0
1210,2015,25,N.S./N.P.,338
1211,2015,26,<20,4
1212,2015,26,20-24,287
1213,2015,26,25-29,3286
1214,2015,26,30-34,1751
1215,2015,26,35-39,491
1216,2015,26,40-44,145
1217,2015,26,45-49,49
1218,2015,26,50-54,18
1219,2015,26,55-59,3
1220,2015,26,60+,0
1221,2015,26,N.S./N.P.,335
1222,2015,27,<20,2
1223,2015,27,20-24,180
1224,2015,27,25-29,3417
1225,2015,27,30-34,2574
1226,2015,27,35-39,706
1227,2015,27,40-44,192
1228,2015,27,45-49,59
1229,2015,27,50-54,25
1230,2015,27,55-59,6
1231,2015,27,60+,2
1232,2015,27,N.S./N.P.,302
1233,2015,28,<20,1
1234,2015,28,20-24,149
1235,2015,28,25-29,3388
1236,2015,28,30-34,3624
1237,2015,28,35-39,1043
1238,2015,28,40-44,245
1239,2015,28,45-49,68
1240,2015,28,50-54,17
1241,2015,28,55-59,8
1242,2015,28,60+,2
1243,2015,28,N.S./N.P.,282
1244,2015,29,<20,3
1245,2015,29,20-24,97
1246,2015,29,25-29,2705
1247,2015,29,30-34,5001
1248,2015,29,35-39,1483
1249,2015,29,40-44,361
1250,2015,29,45-49,104
1251,2015,29,50-54,38
1252,2015,29,55-59,11
1253,2015,29,60+,3
1254,2015,29,N.S./N.P.,317
1255,2015,30,<20,0
1256,2015,30,20-24,65
1257,2015,30,25-29,1459
1258,2015,30,30-34,6352
1259,2015,30,35-39,1906
1260,2015,30,40-44,494
1261,2015,30,45-49,139
1262,2015,30,50-54,37
1263,2015,30,55-59,5
1264,2015,30,60+,4
1265,2015,30,N.S./N.P.,311
1266,2015,31,<20,0
1267,2015,31,20-24,46
1268,2015,31,25-29,919
1269,2015,31,30-34,6315
1270,2015,31,35-39,2394
1271,2015,31,40-44,575
1272,2015,31,45-49,171
1273,2015,31,50-54,57
1274,2015,31,55-59,16
1275,2015,31,60+,2
1276,2015,31,N.S./N.P.,283
1277,2015,32,<20,2
1278,2015,32,20-24,31
1279,2015,32,25-29,625
1280,2015,32,30-34,5838
1281,2015,32,35-39,3024
1282,2015,32,40-44,756
1283,2015,32,45-49,190
1284,2015,32,50-54,51
1285,2015,32,55-59,13
1286,2015,32,60+,8
1287,2015,32,N.S./N.P.,250
1288,2015,33,<20,1
1289,2015,33,20-24,24
1290,2015,33,25-29,391
1291,2015,33,30-34,4588
1292,2015,33,35-39,3517
1293,2015,33,40-44,969
1294,2015,33,45-49,216
1295,2015,33,50-54,79
1296,2015,33,55-59,19
1297,2015,33,60+,6
1298,2015,33,N.S./N.P.,250
1299,2015,34,<20,1
1300,2015,34,20-24,21
1301,2015,34,25-29,288
1302,2015,34,30-34,3065
1303,2015,34,35-39,3941
1304,2015,34,40-44,1148
1305,2015,34,45-49,295
1306,2015,34,50-54,95
1307,2015,34,55-59,17
1308,2015,34,60+,9
1309,2015,34,N.S./N.P.,253
1310,2015,35,<20,0
1311,2015,35,20-24,18
1312,2015,35,25-29,203
1313,2015,35,30-34,1797
1314,2015,35,35-39,4084
1315,2015,35,40-44,1311
1316,2015,35,45-49,325
1317,2015,35,50-54,92
1318,2015,35,55-59,29
1319,2015,35,60+,3
1320,2015,35,N.S./N.P.,235
1321,2015,36,<20,0
1322,2015,36,20-24,17
1323,2015,36,25-29,142
1324,2015,36,30-34,1050
1325,2015,36,35-39,3345
1326,2015,36,40-44,1310
1327,2015,36,45-49,364
1328,2015,36,50-54,100
1329,2015,36,55-59,27
1330,2015,36,60+,10
1331,2015,36,N.S./N.P.,188
1332,2015,37,<20,0
1333,2015,37,20-24,11
1334,2015,37,25-29,108
1335,2015,37,30-34,545
1336,2015,37,35-39,2607
1337,2015,37,40-44,1361
1338,2015,37,45-49,395
1339,2015,37,50-54,99
1340,2015,37,55-59,27
1341,2015,37,60+,16
1342,2015,37,N.S./N.P.,173
1343,2015,38,<20,0
1344,2015,38,20-24,9
1345,2015,38,25-29,67
1346,2015,38,30-34,358
1347,2015,38,35-39,1710
1348,2015,38,40-44,1285
1349,2015,38,45-49,366
1350,2015,38,50-54,108
1351,2015,38,55-59,25
1352,2015,38,60+,10
1353,2015,38,N.S./N.P.,139
1354,2015,39,<20,0
1355,2015,39,20-24,2
1356,2015,39,25-29,44
1357,2015,39,30-34,222
1358,2015,39,35-39,976
1359,2015,39,40-44,1149
1360,2015,39,45-49,411
1361,2015,39,50-54,109
1362,2015,39,55-59,21
1363,2015,39,60+,13
1364,2015,39,N.S./N.P.,128
1365,2015,40,<20,0
1366,2015,40,20-24,7
1367,2015,40,25-29,24
1368,2015,40,30-34,149
1369,2015,40,35-39,583
1370,2015,40,40-44,993
1371,2015,40,45-49,376
1372,2015,40,50-54,105
1373,2015,40,55-59,24
1374,2015,40,60+,11
1375,2015,40,N.S./N.P.,109
1376,2015,41,<20,0
1377,2015,41,20-24,3
1378,2015,41,25-29,13
1379,2015,41,30-34,80
1380,2015,41,35-39,284
1381,2015,41,40-44,616
1382,2015,41,45-49,285
1383,2015,41,50-54,95
1384,2015,41,55-59,13
1385,2015,41,60+,13
1386,2015,41,N.S./N.P.,83
1387,2015,42,<20,0
1388,2015,42,20-24,3
1389,2015,42,25-29,12
1390,2015,42,30-34,41
1391,2015,42,35-39,154
1392,2015,42,40-44,368
1393,2015,42,45-49,209
1394,2015,42,50-54,67
1395,2015,42,55-59,12
1396,2015,42,60+,5
1397,2015,42,N.S./N.P.,58
1398,2015,43,<20,0
1399,2015,43,20-24,2
1400,2015,43,25-29,7
1401,2015,43,30-34,15
1402,2015,43,35-39,59
1403,2015,43,40-44,221
1404,2015,43,45-49,175
1405,2015,43,50-54,49
1406,2015,43,55-59,19
1407,2015,43,60+,5
1408,2015,43,N.S./N.P.,39
1409,2015,44,<20,0
1410,2015,44,20-24,0
1411,2015,44,25-29,1
1412,2015,44,30-34,13
1413,2015,44,35-39,27
1414,2015,44,40-44,125
1415,2015,44,45-49,93
1416,2015,44,50-54,41
1417,2015,44,55-59,11
1418,2015,44,60+,3
1419,2015,44,N.S./N.P.,26
1420,2015,<15,<20,7
1421,2015,<15,20-24,1
1422,2015,<15,25-29,0
1423,2015,<15,30-34,0
1424,2015,<15,35-39,0
1425,2015,<15,40-44,0
1426,2015,<15,45-49,0
1427,2015,<15,50-54,0
1428,2015,<15,55-59,0
1429,2015,<15,60+,0
1430,2015,<15,N.S./N.P.,5
1431,2015,>44,<20,0
1432,2015,>44,20-24,0
1433,2015,>44,25-29,2
1434,2015,>44,30-34,10
1435,2015,>44,35-39,27
1436,2015,>44,40-44,77
1437,2015,>44,45-49,146
1438,2015,>44,50-54,109
1439,2015,>44,55-59,26
1440,2015,>44,60+,11
1441,2015,>44,N.S./N.P.,36
1442,2015,N.S./N.P.,<20,0
1443,2015,N.S./N.P.,20-24,0
1444,2015,N.S./N.P.,25-29,0
1445,2015,N.S./N.P.,30-34,0
1446,2015,N.S./N.P.,35-39,2
1447,2015,N.S./N.P.,40-44,3
1448,2015,N.S./N.P.,45-49,1
1449,2015,N.S./N.P.,50-54,0
1450,2015,N.S./N.P.,55-59,0
1451,2015,N.S./N.P.,60+,0
1452,2015,N.S./N.P.,N.S./N.P.,1398
1453,2016,15,<20,33
1454,2016,15,20-24,5
1455,2016,15,25-29,0
1456,2016,15,30-34,0
1457,2016,15,35-39,0
1458,2016,15,40-44,0
1459,2016,15,45-49,0
1460,2016,15,50-54,0
1461,2016,15,55-59,0
1462,2016,15,60+,0
1463,2016,15,N.S./N.P.,26
1464,2016,16,<20,73
1465,2016,16,20-24,19
1466,2016,16,25-29,2
1467,2016,16,30-34,0
1468,2016,16,35-39,0
1469,2016,16,40-44,0
1470,2016,16,45-49,0
1471,2016,16,50-54,0
1472,2016,16,55-59,0
1473,2016,16,60+,0
1474,2016,16,N.S./N.P.,56
1475,2016,17,<20,154
1476,2016,17,20-24,93
1477,2016,17,25-29,18
1478,2016,17,30-34,3
1479,2016,17,35-39,0
1480,2016,17,40-44,0
1481,2016,17,45-49,0
1482,2016,17,50-54,0
1483,2016,17,55-59,0
1484,2016,17,60+,0
1485,2016,17,N.S./N.P.,118
1486,2016,18,<20,186
1487,2016,18,20-24,298
1488,2016,18,25-29,52
1489,2016,18,30-34,10
1490,2016,18,35-39,5
1491,2016,18,40-44,2
1492,2016,18,45-49,1
1493,2016,18,50-54,0
1494,2016,18,55-59,0
1495,2016,18,60+,0
1496,2016,18,N.S./N.P.,161
1497,2016,19,<20,206
1498,2016,19,20-24,546
1499,2016,19,25-29,140
1500,2016,19,30-34,44
1501,2016,19,35-39,15
1502,2016,19,40-44,2
1503,2016,19,45-49,1
1504,2016,19,50-54,0
1505,2016,19,55-59,0
1506,2016,19,60+,0
1507,2016,19,N.S./N.P.,217
1508,2016,20,<20,104
1509,2016,20,20-24,922
1510,2016,20,25-29,318
1511,2016,20,30-34,105
1512,2016,20,35-39,25
1513,2016,20,40-44,4
1514,2016,20,45-49,3
1515,2016,20,50-54,2
1516,2016,20,55-59,0
1517,2016,20,60+,0
1518,2016,20,N.S./N.P.,276
1519,2016,21,<20,50
1520,2016,21,20-24,1111
1521,2016,21,25-29,573
1522,2016,21,30-34,186
1523,2016,21,35-39,45
1524,2016,21,40-44,14
1525,2016,21,45-49,5
1526,2016,21,50-54,0
1527,2016,21,55-59,0
1528,2016,21,60+,0
1529,2016,21,N.S./N.P.,313
1530,2016,22,<20,22
1531,2016,22,20-24,1087
1532,2016,22,25-29,917
1533,2016,22,30-34,348
1534,2016,22,35-39,79
1535,2016,22,40-44,37
1536,2016,22,45-49,11
1537,2016,22,50-54,2
1538,2016,22,55-59,4
1539,2016,22,60+,0
1540,2016,22,N.S./N.P.,298
1541,2016,23,<20,12
1542,2016,23,20-24,996
1543,2016,23,25-29,1364
1544,2016,23,30-34,464
1545,2016,23,35-39,117
1546,2016,23,40-44,46
1547,2016,23,45-49,22
1548,2016,23,50-54,3
1549,2016,23,55-59,1
1550,2016,23,60+,1
1551,2016,23,N.S./N.P.,346
1552,2016,24,<20,6
1553,2016,24,20-24,806
1554,2016,24,25-29,2019
1555,2016,24,30-34,795
1556,2016,24,35-39,191
1557,2016,24,40-44,61
1558,2016,24,45-49,24
1559,2016,24,50-54,16
1560,2016,24,55-59,3
1561,2016,24,60+,2
1562,2016,24,N.S./N.P.,302
1563,2016,25,<20,4
1564,2016,25,20-24,475
1565,2016,25,25-29,2842
1566,2016,25,30-34,1184
1567,2016,25,35-39,328
1568,2016,25,40-44,81
1569,2016,25,45-49,32
1570,2016,25,50-54,13
1571,2016,25,55-59,5
1572,2016,25,60+,0
1573,2016,25,N.S./N.P.,303
1574,2016,26,<20,3
1575,2016,26,20-24,286
1576,2016,26,25-29,3355
1577,2016,26,30-34,1806
1578,2016,26,35-39,508
1579,2016,26,40-44,121
1580,2016,26,45-49,27
1581,2016,26,50-54,14
1582,2016,26,55-59,4
1583,2016,26,60+,1
1584,2016,26,N.S./N.P.,303
1585,2016,27,<20,3
1586,2016,27,20-24,198
1587,2016,27,25-29,3546
1588,2016,27,30-34,2563
1589,2016,27,35-39,696
1590,2016,27,40-44,191
1591,2016,27,45-49,61
1592,2016,27,50-54,20
1593,2016,27,55-59,6
1594,2016,27,60+,2
1595,2016,27,N.S./N.P.,308
1596,2016,28,<20,3
1597,2016,28,20-24,123
1598,2016,28,25-29,3375
1599,2016,28,30-34,3692
1600,2016,28,35-39,955
1601,2016,28,40-44,220
1602,2016,28,45-49,76
1603,2016,28,50-54,24
1604,2016,28,55-59,11
1605,2016,28,60+,2
1606,2016,28,N.S./N.P.,331
1607,2016,29,<20,2
1608,2016,29,20-24,81
1609,2016,29,25-29,2642
1610,2016,29,30-34,4976
1611,2016,29,35-39,1465
1612,2016,29,40-44,327
1613,2016,29,45-49,100
1614,2016,29,50-54,26
1615,2016,29,55-59,10
1616,2016,29,60+,7
1617,2016,29,N.S./N.P.,314
1618,2016,30,<20,1
1619,2016,30,20-24,62
1620,2016,30,25-29,1526
1621,2016,30,30-34,6350
1622,2016,30,35-39,1835
1623,2016,30,40-44,460
1624,2016,30,45-49,112
1625,2016,30,50-54,34
1626,2016,30,55-59,8
1627,2016,30,60+,6
1628,2016,30,N.S./N.P.,353
1629,2016,31,<20,1
1630,2016,31,20-24,46
1631,2016,31,25-29,887
1632,2016,31,30-34,6645
1633,2016,31,35-39,2621
1634,2016,31,40-44,648
1635,2016,31,45-49,143
1636,2016,31,50-54,47
1637,2016,31,55-59,11
1638,2016,31,60+,7
1639,2016,31,N.S./N.P.,314
1640,2016,32,<20,2
1641,2016,32,20-24,39
1642,2016,32,25-29,587
1643,2016,32,30-34,5976
1644,2016,32,35-39,3144
1645,2016,32,40-44,739
1646,2016,32,45-49,194
1647,2016,32,50-54,62
1648,2016,32,55-59,16
1649,2016,32,60+,3
1650,2016,32,N.S./N.P.,267
1651,2016,33,<20,1
1652,2016,33,20-24,33
1653,2016,33,25-29,361
1654,2016,33,30-34,4819
1655,2016,33,35-39,3703
1656,2016,33,40-44,968
1657,2016,33,45-49,260
1658,2016,33,50-54,60
1659,2016,33,55-59,15
1660,2016,33,60+,10
1661,2016,33,N.S./N.P.,275
1662,2016,34,<20,0
1663,2016,34,20-24,24
1664,2016,34,25-29,289
1665,2016,34,30-34,3198
1666,2016,34,35-39,4215
1667,2016,34,40-44,1099
1668,2016,34,45-49,309
1669,2016,34,50-54,78
1670,2016,34,55-59,19
1671,2016,34,60+,9
1672,2016,34,N.S./N.P.,228
1673,2016,35,<20,1
1674,2016,35,20-24,13
1675,2016,35,25-29,176
1676,2016,35,30-34,1777
1677,2016,35,35-39,4283
1678,2016,35,40-44,1287
1679,2016,35,45-49,322
1680,2016,35,50-54,81
1681,2016,35,55-59,31
1682,2016,35,60+,10
1683,2016,35,N.S./N.P.,220
1684,2016,36,<20,0
1685,2016,36,20-24,6
1686,2016,36,25-29,130
1687,2016,36,30-34,1034
1688,2016,36,35-39,3486
1689,2016,36,40-44,1371
1690,2016,36,45-49,385
1691,2016,36,50-54,105
1692,2016,36,55-59,29
1693,2016,36,60+,11
1694,2016,36,N.S./N.P.,213
1695,2016,37,<20,0
1696,2016,37,20-24,6
1697,2016,37,25-29,86
1698,2016,37,30-34,572
1699,2016,37,35-39,2631
1700,2016,37,40-44,1395
1701,2016,37,45-49,399
1702,2016,37,50-54,110
1703,2016,37,55-59,38
1704,2016,37,60+,8
1705,2016,37,N.S./N.P.,159
1706,2016,38,<20,1
1707,2016,38,20-24,8
1708,2016,38,25-29,53
1709,2016,38,30-34,350
1710,2016,38,35-39,1731
1711,2016,38,40-44,1247
1712,2016,38,45-49,377
1713,2016,38,50-54,109
1714,2016,38,55-59,28
1715,2016,38,60+,9
1716,2016,38,N.S./N.P.,167
1717,2016,39,<20,1
1718,2016,39,20-24,1
1719,2016,39,25-29,42
1720,2016,39,30-34,243
1721,2016,39,35-39,1052
1722,2016,39,40-44,1169
1723,2016,39,45-49,412
1724,2016,39,50-54,130
1725,2016,39,55-59,29
1726,2016,39,60+,5
1727,2016,39,N.S./N.P.,144
1728,2016,40,<20,0
1729,2016,40,20-24,2
1730,2016,40,25-29,26
1731,2016,40,30-34,149
1732,2016,40,35-39,509
1733,2016,40,40-44,930
1734,2016,40,45-49,366
1735,2016,40,50-54,96
1736,2016,40,55-59,22
1737,2016,40,60+,6
1738,2016,40,N.S./N.P.,106
1739,2016,41,<20,0
1740,2016,41,20-24,1
1741,2016,41,25-29,22
1742,2016,41,30-34,73
1743,2016,41,35-39,288
1744,2016,41,40-44,657
1745,2016,41,45-49,264
1746,2016,41,50-54,86
1747,2016,41,55-59,30
1748,2016,41,60+,13
1749,2016,41,N.S./N.P.,57
1750,2016,42,<20,0
1751,2016,42,20-24,1
1752,2016,42,25-29,6
1753,2016,42,30-34,51
1754,2016,42,35-39,131
1755,2016,42,40-44,378
1756,2016,42,45-49,217
1757,2016,42,50-54,74
1758,2016,42,55-59,19
1759,2016,42,60+,6
1760,2016,42,N.S./N.P.,53
1761,2016,43,<20,0
1762,2016,43,20-24,2
1763,2016,43,25-29,5
1764,2016,43,30-34,27
1765,2016,43,35-39,74
1766,2016,43,40-44,213
1767,2016,43,45-49,174
1768,2016,43,50-54,66
1769,2016,43,55-59,19
1770,2016,43,60+,4
1771,2016,43,N.S./N.P.,56
1772,2016,44,<20,0
1773,2016,44,20-24,0
1774,2016,44,25-29,4
1775,2016,44,30-34,9
1776,2016,44,35-39,27
1777,2016,44,40-44,100
1778,2016,44,45-49,122
1779,2016,44,50-54,31
1780,2016,44,55-59,10
1781,2016,44,60+,6
1782,2016,44,N.S./N.P.,26
1783,2016,<15,<20,5
1784,2016,<15,20-24,0
1785,2016,<15,25-29,0
1786,2016,<15,30-34,0
1787,2016,<15,35-39,0
1788,2016,<15,40-44,0
1789,2016,<15,45-49,0
1790,2016,<15,50-54,0
1791,2016,<15,55-59,0
1792,2016,<15,60+,0
1793,2016,<15,N.S./N.P.,7
1794,2016,>44,<20,0
1795,2016,>44,20-24,1
1796,2016,>44,25-29,3
1797,2016,>44,30-34,9
1798,2016,>44,35-39,37
1799,2016,>44,40-44,88
1800,2016,>44,45-49,149
1801,2016,>44,50-54,74
1802,2016,>44,55-59,36
1803,2016,>44,60+,16
1804,2016,>44,N.S./N.P.,35
1805,2016,N.S./N.P.,<20,0
1806,2016,N.S./N.P.,20-24,0
1807,2016,N.S./N.P.,25-29,0
1808,2016,N.S./N.P.,30-34,1
1809,2016,N.S./N.P.,35-39,1
1810,2016,N.S./N.P.,40-44,2
1811,2016,N.S./N.P.,45-49,1
1812,2016,N.S./N.P.,50-54,0
1813,2016,N.S./N.P.,55-59,0
1814,2016,N.S./N.P.,60+,0
1815,2016,N.S./N.P.,N.S./N.P.,805
1816,2017,15,<20,21
1817,2017,15,20-24,3
1818,2017,15,25-29,0
1819,2017,15,30-34,1
1820,2017,15,35-39,0
1821,2017,15,40-44,1
1822,2017,15,45-49,0
1823,2017,15,50-54,0
1824,2017,15,55-59,0
1825,2017,15,60+,0
1826,2017,15,N.S./N.P.,17
1827,2017,16,<20,78
1828,2017,16,20-24,36
1829,2017,16,25-29,4
1830,2017,16,30-34,1
1831,2017,16,35-39,1
1832,2017,16,40-44,0
1833,2017,16,45-49,0
1834,2017,16,50-54,0
1835,2017,16,55-59,0
1836,2017,16,60+,0
1837,2017,16,N.S./N.P.,52
1838,2017,17,<20,128
1839,2017,17,20-24,108
1840,2017,17,25-29,11
1841,2017,17,30-34,3
1842,2017,17,35-39,0
1843,2017,17,40-44,2
1844,2017,17,45-49,0
1845,2017,17,50-54,0
1846,2017,17,55-59,0
1847,2017,17,60+,0
1848,2017,17,N.S./N.P.,114
1849,2017,18,<20,194
1850,2017,18,20-24,253
1851,2017,18,25-29,55
1852,2017,18,30-34,16
1853,2017,18,35-39,4
1854,2017,18,40-44,1
1855,2017,18,45-49,0
1856,2017,18,50-54,0
1857,2017,18,55-59,0
1858,2017,18,60+,0
1859,2017,18,N.S./N.P.,171
1860,2017,19,<20,188
1861,2017,19,20-24,515
1862,2017,19,25-29,123
1863,2017,19,30-34,36
1864,2017,19,35-39,12
1865,2017,19,40-44,2
1866,2017,19,45-49,2
1867,2017,19,50-54,1
1868,2017,19,55-59,1
1869,2017,19,60+,0
1870,2017,19,N.S./N.P.,230
1871,2017,20,<20,89
1872,2017,20,20-24,837
1873,2017,20,25-29,289
1874,2017,20,30-34,103
1875,2017,20,35-39,31
1876,2017,20,40-44,16
1877,2017,20,45-49,4
1878,2017,20,50-54,2
1879,2017,20,55-59,0
1880,2017,20,60+,0
1881,2017,20,N.S./N.P.,268
1882,2017,21,<20,54
1883,2017,21,20-24,997
1884,2017,21,25-29,530
1885,2017,21,30-34,165
1886,2017,21,35-39,43
1887,2017,21,40-44,18
1888,2017,21,45-49,10
1889,2017,21,50-54,4
1890,2017,21,55-59,0
1891,2017,21,60+,1
1892,2017,21,N.S./N.P.,278
1893,2017,22,<20,23
1894,2017,22,20-24,1050
1895,2017,22,25-29,897
1896,2017,22,30-34,304
1897,2017,22,35-39,68
1898,2017,22,40-44,33
1899,2017,22,45-49,11
1900,2017,22,50-54,1
1901,2017,22,55-59,2
1902,2017,22,60+,0
1903,2017,22,N.S./N.P.,319
1904,2017,23,<20,11
1905,2017,23,20-24,982
1906,2017,23,25-29,1314
1907,2017,23,30-34,491
1908,2017,23,35-39,114
1909,2017,23,40-44,31
1910,2017,23,45-49,18
1911,2017,23,50-54,5
1912,2017,23,55-59,0
1913,2017,23,60+,0
1914,2017,23,N.S./N.P.,333
1915,2017,24,<20,13
1916,2017,24,20-24,790
1917,2017,24,25-29,1968
1918,2017,24,30-34,777
1919,2017,24,35-39,212
1920,2017,24,40-44,65
1921,2017,24,45-49,23
1922,2017,24,50-54,10
1923,2017,24,55-59,3
1924,2017,24,60+,1
1925,2017,24,N.S./N.P.,354
1926,2017,25,<20,5
1927,2017,25,20-24,483
1928,2017,25,25-29,2695
1929,2017,25,30-34,1201
1930,2017,25,35-39,291
1931,2017,25,40-44,71
1932,2017,25,45-49,28
1933,2017,25,50-54,10
1934,2017,25,55-59,5
1935,2017,25,60+,1
1936,2017,25,N.S./N.P.,384
1937,2017,26,<20,7
1938,2017,26,20-24,288
1939,2017,26,25-29,3281
1940,2017,26,30-34,1720
1941,2017,26,35-39,483
1942,2017,26,40-44,126
1943,2017,26,45-49,33
1944,2017,26,50-54,18
1945,2017,26,55-59,4
1946,2017,26,60+,0
1947,2017,26,N.S./N.P.,341
1948,2017,27,<20,3
1949,2017,27,20-24,178
1950,2017,27,25-29,3470
1951,2017,27,30-34,2567
1952,2017,27,35-39,734
1953,2017,27,40-44,172
1954,2017,27,45-49,54
1955,2017,27,50-54,15
1956,2017,27,55-59,8
1957,2017,27,60+,2
1958,2017,27,N.S./N.P.,369
1959,2017,28,<20,1
1960,2017,28,20-24,128
1961,2017,28,25-29,3368
1962,2017,28,30-34,3554
1963,2017,28,35-39,1020
1964,2017,28,40-44,235
1965,2017,28,45-49,75
1966,2017,28,50-54,20
1967,2017,28,55-59,11
1968,2017,28,60+,1
1969,2017,28,N.S./N.P.,333
1970,2017,29,<20,1
1971,2017,29,20-24,94
1972,2017,29,25-29,2566
1973,2017,29,30-34,4919
1974,2017,29,35-39,1408
1975,2017,29,40-44,350
1976,2017,29,45-49,111
1977,2017,29,50-54,42
1978,2017,29,55-59,9
1979,2017,29,60+,3
1980,2017,29,N.S./N.P.,383
1981,2017,30,<20,0
1982,2017,30,20-24,56
1983,2017,30,25-29,1470
1984,2017,30,30-34,6219
1985,2017,30,35-39,1952
1986,2017,30,40-44,460
1987,2017,30,45-49,109
1988,2017,30,50-54,36
1989,2017,30,55-59,8
1990,2017,30,60+,4
1991,2017,30,N.S./N.P.,362
1992,2017,31,<20,1
1993,2017,31,20-24,43
1994,2017,31,25-29,885
1995,2017,31,30-34,6894
1996,2017,31,35-39,2563
1997,2017,31,40-44,606
1998,2017,31,45-49,149
1999,2017,31,50-54,51
2000,2017,31,55-59,14
2001,2017,31,60+,3
2002,2017,31,N.S./N.P.,347
2003,2017,32,<20,1
2004,2017,32,20-24,30
2005,2017,32,25-29,534
2006,2017,32,30-34,6091
2007,2017,32,35-39,3115
2008,2017,32,40-44,761
2009,2017,32,45-49,192
2010,2017,32,50-54,51
2011,2017,32,55-59,15
2012,2017,32,60+,9
2013,2017,32,N.S./N.P.,359
2014,2017,33,<20,1
2015,2017,33,20-24,34
2016,2017,33,25-29,382
2017,2017,33,30-34,4827
2018,2017,33,35-39,3694
2019,2017,33,40-44,958
2020,2017,33,45-49,274
2021,2017,33,50-54,59
2022,2017,33,55-59,23
2023,2017,33,60+,11
2024,2017,33,N.S./N.P.,341
2025,2017,34,<20,0
2026,2017,34,20-24,18
2027,2017,34,25-29,224
2028,2017,34,30-34,3256
2029,2017,34,35-39,4156
2030,2017,34,40-44,1137
2031,2017,34,45-49,298
2032,2017,34,50-54,72
2033,2017,34,55-59,24
2034,2017,34,60+,10
2035,2017,34,N.S./N.P.,258
2036,2017,35,<20,1
2037,2017,35,20-24,19
2038,2017,35,25-29,179
2039,2017,35,30-34,1864
2040,2017,35,35-39,4328
2041,2017,35,40-44,1359
2042,2017,35,45-49,369
2043,2017,35,50-54,95
2044,2017,35,55-59,29
2045,2017,35,60+,7
2046,2017,35,N.S./N.P.,282
2047,2017,36,<20,0
2048,2017,36,20-24,12
2049,2017,36,25-29,132
2050,2017,36,30-34,992
2051,2017,36,35-39,3785
2052,2017,36,40-44,1443
2053,2017,36,45-49,362
2054,2017,36,50-54,101
2055,2017,36,55-59,22
2056,2017,36,60+,13
2057,2017,36,N.S./N.P.,244
2058,2017,37,<20,0
2059,2017,37,20-24,5
2060,2017,37,25-29,100
2061,2017,37,30-34,602
2062,2017,37,35-39,2713
2063,2017,37,40-44,1410
2064,2017,37,45-49,439
2065,2017,37,50-54,124
2066,2017,37,55-59,32
2067,2017,37,60+,6
2068,2017,37,N.S./N.P.,207
2069,2017,38,<20,0
2070,2017,38,20-24,11
2071,2017,38,25-29,68
2072,2017,38,30-34,370
2073,2017,38,35-39,1829
2074,2017,38,40-44,1337
2075,2017,38,45-49,435
2076,2017,38,50-54,139
2077,2017,38,55-59,31
2078,2017,38,60+,10
2079,2017,38,N.S./N.P.,182
2080,2017,39,<20,0
2081,2017,39,20-24,7
2082,2017,39,25-29,35
2083,2017,39,30-34,217
2084,2017,39,35-39,1078
2085,2017,39,40-44,1270
2086,2017,39,45-49,424
2087,2017,39,50-54,103
2088,2017,39,55-59,41
2089,2017,39,60+,14
2090,2017,39,N.S./N.P.,145
2091,2017,40,<20,0
2092,2017,40,20-24,4
2093,2017,40,25-29,25
2094,2017,40,30-34,134
2095,2017,40,35-39,575
2096,2017,40,40-44,971
2097,2017,40,45-49,356
2098,2017,40,50-54,109
2099,2017,40,55-59,32
2100,2017,40,60+,13
2101,2017,40,N.S./N.P.,136
2102,2017,41,<20,0
2103,2017,41,20-24,0
2104,2017,41,25-29,14
2105,2017,41,30-34,84
2106,2017,41,35-39,298
2107,2017,41,40-44,679
2108,2017,41,45-49,330
2109,2017,41,50-54,105
2110,2017,41,55-59,29
2111,2017,41,60+,14
2112,2017,41,N.S./N.P.,90
2113,2017,42,<20,0
2114,2017,42,20-24,0
2115,2017,42,25-29,8
2116,2017,42,30-34,56
2117,2017,42,35-39,144
2118,2017,42,40-44,386
2119,2017,42,45-49,255
2120,2017,42,50-54,68
2121,2017,42,55-59,23
2122,2017,42,60+,9
2123,2017,42,N.S./N.P.,59
2124,2017,43,<20,0
2125,2017,43,20-24,0
2126,2017,43,25-29,15
2127,2017,43,30-34,26
2128,2017,43,35-39,83
2129,2017,43,40-44,210
2130,2017,43,45-49,175
2131,2017,43,50-54,62
2132,2017,43,55-59,19
2133,2017,43,60+,7
2134,2017,43,N.S./N.P.,45
2135,2017,44,<20,0
2136,2017,44,20-24,1
2137,2017,44,25-29,5
2138,2017,44,30-34,21
2139,2017,44,35-39,31
2140,2017,44,40-44,114
2141,2017,44,45-49,105
2142,2017,44,50-54,35
2143,2017,44,55-59,7
2144,2017,44,60+,6
2145,2017,44,N.S./N.P.,22
2146,2017,<15,<20,8
2147,2017,<15,20-24,0
2148,2017,<15,25-29,0
2149,2017,<15,30-34,0
2150,2017,<15,35-39,0
2151,2017,<15,40-44,0
2152,2017,<15,45-49,0
2153,2017,<15,50-54,0
2154,2017,<15,55-59,0
2155,2017,<15,60+,0
2156,2017,<15,N.S./N.P.,5
2157,2017,>44,<20,0
2158,2017,>44,20-24,0
2159,2017,>44,25-29,5
2160,2017,>44,30-34,14
2161,2017,>44,35-39,36
2162,2017,>44,40-44,98
2163,2017,>44,45-49,156
2164,2017,>44,50-54,96
2165,2017,>44,55-59,40
2166,2017,>44,60+,11
2167,2017,>44,N.S./N.P.,56
2168,2017,N.S./N.P.,<20,0
2169,2017,N.S./N.P.,20-24,0
2170,2017,N.S./N.P.,25-29,0
2171,2017,N.S./N.P.,30-34,1
2172,2017,N.S./N.P.,35-39,0
2173,2017,N.S./N.P.,40-44,0
2174,2017,N.S./N.P.,45-49,0
2175,2017,N.S./N.P.,50-54,0
2176,2017,N.S./N.P.,55-59,0
2177,2017,N.S./N.P.,60+,0
2178,2017,N.S./N.P.,N.S./N.P.,607
2179,2018,15,<20,22
2180,2018,15,20-24,1
2181,2018,15,25-29,0
2182,2018,15,30-34,0
2183,2018,15,35-39,0
2184,2018,15,40-44,0
2185,2018,15,45-49,0
2186,2018,15,50-54,0
2187,2018,15,55-59,0
2188,2018,15,60+,0
2189,2018,15,N.S./N.P.,16
2190,2018,16,<20,69
2191,2018,16,20-24,24
2192,2018,16,25-29,0
2193,2018,16,30-34,0
2194,2018,16,35-39,0
2195,2018,16,40-44,0
2196,2018,16,45-49,0
2197,2018,16,50-54,0
2198,2018,16,55-59,0
2199,2018,16,60+,0
2200,2018,16,N.S./N.P.,41
2201,2018,17,<20,114
2202,2018,17,20-24,69
2203,2018,17,25-29,9
2204,2018,17,30-34,2
2205,2018,17,35-39,0
2206,2018,17,40-44,0
2207,2018,17,45-49,0
2208,2018,17,50-54,0
2209,2018,17,55-59,0
2210,2018,17,60+,0
2211,2018,17,N.S./N.P.,84
2212,2018,18,<20,175
2213,2018,18,20-24,208
2214,2018,18,25-29,31
2215,2018,18,30-34,9
2216,2018,18,35-39,2
2217,2018,18,40-44,2
2218,2018,18,45-49,0
2219,2018,18,50-54,0
2220,2018,18,55-59,0
2221,2018,18,60+,0
2222,2018,18,N.S./N.P.,124
2223,2018,19,<20,143
2224,2018,19,20-24,461
2225,2018,19,25-29,122
2226,2018,19,30-34,24
2227,2018,19,35-39,6
2228,2018,19,40-44,2
2229,2018,19,45-49,3
2230,2018,19,50-54,0
2231,2018,19,55-59,0
2232,2018,19,60+,0
2233,2018,19,N.S./N.P.,198
2234,2018,20,<20,80
2235,2018,20,20-24,725
2236,2018,20,25-29,262
2237,2018,20,30-34,68
2238,2018,20,35-39,27
2239,2018,20,40-44,11
2240,2018,20,45-49,4
2241,2018,20,50-54,0
2242,2018,20,55-59,0
2243,2018,20,60+,1
2244,2018,20,N.S./N.P.,255
2245,2018,21,<20,46
2246,2018,21,20-24,894
2247,2018,21,25-29,466
2248,2018,21,30-34,162
2249,2018,21,35-39,42
2250,2018,21,40-44,15
2251,2018,21,45-49,5
2252,2018,21,50-54,1
2253,2018,21,55-59,2
2254,2018,21,60+,1
2255,2018,21,N.S./N.P.,239
2256,2018,22,<20,30
2257,2018,22,20-24,1049
2258,2018,22,25-29,808
2259,2018,22,30-34,246
2260,2018,22,35-39,76
2261,2018,22,40-44,21
2262,2018,22,45-49,6
2263,2018,22,50-54,3
2264,2018,22,55-59,1
2265,2018,22,60+,0
2266,2018,22,N.S./N.P.,258
2267,2018,23,<20,7
2268,2018,23,20-24,954
2269,2018,23,25-29,1218
2270,2018,23,30-34,428
2271,2018,23,35-39,106
2272,2018,23,40-44,31
2273,2018,23,45-49,8
2274,2018,23,50-54,7
2275,2018,23,55-59,3
2276,2018,23,60+,0
2277,2018,23,N.S./N.P.,294
2278,2018,24,<20,1
2279,2018,24,20-24,764
2280,2018,24,25-29,1840
2281,2018,24,30-34,713
2282,2018,24,35-39,187
2283,2018,24,40-44,43
2284,2018,24,45-49,8
2285,2018,24,50-54,9
2286,2018,24,55-59,0
2287,2018,24,60+,1
2288,2018,24,N.S./N.P.,301
2289,2018,25,<20,1
2290,2018,25,20-24,461
2291,2018,25,25-29,2508
2292,2018,25,30-34,1067
2293,2018,25,35-39,316
2294,2018,25,40-44,78
2295,2018,25,45-49,27
2296,2018,25,50-54,8
2297,2018,25,55-59,7
2298,2018,25,60+,0
2299,2018,25,N.S./N.P.,341
2300,2018,26,<20,3
2301,2018,26,20-24,271
2302,2018,26,25-29,3093
2303,2018,26,30-34,1694
2304,2018,26,35-39,473
2305,2018,26,40-44,98
2306,2018,26,45-49,43
2307,2018,26,50-54,10
2308,2018,26,55-59,8
2309,2018,26,60+,1
2310,2018,26,N.S./N.P.,373
2311,2018,27,<20,3
2312,2018,27,20-24,172
2313,2018,27,25-29,3361
2314,2018,27,30-34,2437
2315,2018,27,35-39,684
2316,2018,27,40-44,166
2317,2018,27,45-49,37
2318,2018,27,50-54,14
2319,2018,27,55-59,3
2320,2018,27,60+,4
2321,2018,27,N.S./N.P.,386
2322,2018,28,<20,1
2323,2018,28,20-24,140
2324,2018,28,25-29,3343
2325,2018,28,30-34,3702
2326,2018,28,35-39,1012
2327,2018,28,40-44,222
2328,2018,28,45-49,49
2329,2018,28,50-54,25
2330,2018,28,55-59,5
2331,2018,28,60+,6
2332,2018,28,N.S./N.P.,390
2333,2018,29,<20,1
2334,2018,29,20-24,76
2335,2018,29,25-29,2574
2336,2018,29,30-34,4924
2337,2018,29,35-39,1410
2338,2018,29,40-44,329
2339,2018,29,45-49,80
2340,2018,29,50-54,40
2341,2018,29,55-59,10
2342,2018,29,60+,9
2343,2018,29,N.S./N.P.,390
2344,2018,30,<20,1
2345,2018,30,20-24,52
2346,2018,30,25-29,1488
2347,2018,30,30-34,6216
2348,2018,30,35-39,1974
2349,2018,30,40-44,394
2350,2018,30,45-49,113
2351,2018,30,50-54,43
2352,2018,30,55-59,15
2353,2018,30,60+,7
2354,2018,30,N.S./N.P.,375
2355,2018,31,<20,0
2356,2018,31,20-24,47
2357,2018,31,25-29,852
2358,2018,31,30-34,6640
2359,2018,31,35-39,2555
2360,2018,31,40-44,571
2361,2018,31,45-49,178
2362,2018,31,50-54,43
2363,2018,31,55-59,11
2364,2018,31,60+,6
2365,2018,31,N.S./N.P.,409
2366,2018,32,<20,0
2367,2018,32,20-24,24
2368,2018,32,25-29,571
2369,2018,32,30-34,5922
2370,2018,32,35-39,3190
2371,2018,32,40-44,701
2372,2018,32,45-49,172
2373,2018,32,50-54,54
2374,2018,32,55-59,19
2375,2018,32,60+,6
2376,2018,32,N.S./N.P.,368
2377,2018,33,<20,0
2378,2018,33,20-24,28
2379,2018,33,25-29,356
2380,2018,33,30-34,4783
2381,2018,33,35-39,3857
2382,2018,33,40-44,952
2383,2018,33,45-49,256
2384,2018,33,50-54,52
2385,2018,33,55-59,14
2386,2018,33,60+,15
2387,2018,33,N.S./N.P.,367
2388,2018,34,<20,0
2389,2018,34,20-24,16
2390,2018,34,25-29,262
2391,2018,34,30-34,3399
2392,2018,34,35-39,4312
2393,2018,34,40-44,1114
2394,2018,34,45-49,270
2395,2018,34,50-54,72
2396,2018,34,55-59,24
2397,2018,34,60+,6
2398,2018,34,N.S./N.P.,340
2399,2018,35,<20,0
2400,2018,35,20-24,23
2401,2018,35,25-29,182
2402,2018,35,30-34,1841
2403,2018,35,35-39,4602
2404,2018,35,40-44,1318
2405,2018,35,45-49,342
2406,2018,35,50-54,94
2407,2018,35,55-59,18
2408,2018,35,60+,12
2409,2018,35,N.S./N.P.,308
2410,2018,36,<20,1
2411,2018,36,20-24,10
2412,2018,36,25-29,144
2413,2018,36,30-34,1104
2414,2018,36,35-39,3840
2415,2018,36,40-44,1412
2416,2018,36,45-49,397
2417,2018,36,50-54,85
2418,2018,36,55-59,31
2419,2018,36,60+,13
2420,2018,36,N.S./N.P.,273
2421,2018,37,<20,0
2422,2018,37,20-24,10
2423,2018,37,25-29,95
2424,2018,37,30-34,634
2425,2018,37,35-39,2897
2426,2018,37,40-44,1411
2427,2018,37,45-49,421
2428,2018,37,50-54,116
2429,2018,37,55-59,37
2430,2018,37,60+,16
2431,2018,37,N.S./N.P.,231
2432,2018,38,<20,0
2433,2018,38,20-24,10
2434,2018,38,25-29,66
2435,2018,38,30-34,403
2436,2018,38,35-39,1885
2437,2018,38,40-44,1376
2438,2018,38,45-49,442
2439,2018,38,50-54,134
2440,2018,38,55-59,41
2441,2018,38,60+,9
2442,2018,38,N.S./N.P.,240
2443,2018,39,<20,0
2444,2018,39,20-24,7
2445,2018,39,25-29,50
2446,2018,39,30-34,224
2447,2018,39,35-39,1104
2448,2018,39,40-44,1247
2449,2018,39,45-49,426
2450,2018,39,50-54,116
2451,2018,39,55-59,35
2452,2018,39,60+,13
2453,2018,39,N.S./N.P.,163
2454,2018,40,<20,0
2455,2018,40,20-24,6
2456,2018,40,25-29,31
2457,2018,40,30-34,142
2458,2018,40,35-39,595
2459,2018,40,40-44,996
2460,2018,40,45-49,390
2461,2018,40,50-54,107
2462,2018,40,55-59,28
2463,2018,40,60+,12
2464,2018,40,N.S./N.P.,138
2465,2018,41,<20,0
2466,2018,41,20-24,1
2467,2018,41,25-29,21
2468,2018,41,30-34,97
2469,2018,41,35-39,312
2470,2018,41,40-44,755
2471,2018,41,45-49,307
2472,2018,41,50-54,93
2473,2018,41,55-59,33
2474,2018,41,60+,9
2475,2018,41,N.S./N.P.,106
2476,2018,42,<20,0
2477,2018,42,20-24,3
2478,2018,42,25-29,15
2479,2018,42,30-34,45
2480,2018,42,35-39,156
2481,2018,42,40-44,379
2482,2018,42,45-49,244
2483,2018,42,50-54,87
2484,2018,42,55-59,25
2485,2018,42,60+,6
2486,2018,42,N.S./N.P.,69
2487,2018,43,<20,0
2488,2018,43,20-24,0
2489,2018,43,25-29,5
2490,2018,43,30-34,25
2491,2018,43,35-39,86
2492,2018,43,40-44,215
2493,2018,43,45-49,184
2494,2018,43,50-54,72
2495,2018,43,55-59,21
2496,2018,43,60+,6
2497,2018,43,N.S./N.P.,53
2498,2018,44,<20,0
2499,2018,44,20-24,1
2500,2018,44,25-29,3
2501,2018,44,30-34,9
2502,2018,44,35-39,32
2503,2018,44,40-44,111
2504,2018,44,45-49,97
2505,2018,44,50-54,38
2506,2018,44,55-59,8
2507,2018,44,60+,7
2508,2018,44,N.S./N.P.,31
2509,2018,<15,<20,8
2510,2018,<15,20-24,0
2511,2018,<15,25-29,0
2512,2018,<15,30-34,0
2513,2018,<15,35-39,1
2514,2018,<15,40-44,0
2515,2018,<15,45-49,0
2516,2018,<15,50-54,0
2517,2018,<15,55-59,0
2518,2018,<15,60+,0
2519,2018,<15,N.S./N.P.,2
2520,2018,>44,<20,0
2521,2018,>44,20-24,1
2522,2018,>44,25-29,6
2523,2018,>44,30-34,21
2524,2018,>44,35-39,56
2525,2018,>44,40-44,101
2526,2018,>44,45-49,170
2527,2018,>44,50-54,92
2528,2018,>44,55-59,43
2529,2018,>44,60+,20
2530,2018,>44,N.S./N.P.,62
2531,2018,N.S./N.P.,<20,0
2532,2018,N.S./N.P.,20-24,0
2533,2018,N.S./N.P.,25-29,0
2534,2018,N.S./N.P.,30-34,0
2535,2018,N.S./N.P.,35-39,0
2536,2018,N.S./N.P.,40-44,0
2537,2018,N.S./N.P.,45-49,0
2538,2018,N.S./N.P.,50-54,0
2539,2018,N.S./N.P.,55-59,0
2540,2018,N.S./N.P.,60+,0
2541,2018,N.S./N.P.,N.S./N.P.,896
2542,2019,<15,<20,4
2543,2019,<15,NS/N.P.,6
2544,2019,>44,20-24,2
2545,2019,>44,25-29,8
2546,2019,>44,30-34,26
2547,2019,>44,35-39,66
2548,2019,>44,40-44,107
2549,2019,>44,45-49,151
2550,2019,>44,50-54,78
2551,2019,>44,55-59,32
2552,2019,>44,60+,22
2553,2019,>44,NS/N.P.,58
2554,2019,NS/N.P.,NS/N.P.,89
2555,2019,15,<20,18
2556,2019,15,NS/N.P.,11
2557,2019,16,<20,70
2558,2019,16,20-24,9
2559,2019,16,25-29,1
2560,2019,16,35-39,1
2561,2019,16,45-49,1
2562,2019,16,NS/N.P.,35
2563,2019,17,<20,106
2564,2019,17,20-24,72
2565,2019,17,25-29,15
2566,2019,17,30-34,1
2567,2019,17,40-44,1
2568,2019,17,55-59,1
2569,2019,17,60+,1
2570,2019,17,NS/N.P.,77
2571,2019,18,<20,142
2572,2019,18,20-24,197
2573,2019,18,25-29,28
2574,2019,18,30-34,8
2575,2019,18,35-39,3
2576,2019,18,40-44,3
2577,2019,18,NS/N.P.,127
2578,2019,19,<20,141
2579,2019,19,20-24,463
2580,2019,19,25-29,80
2581,2019,19,30-34,26
2582,2019,19,35-39,4
2583,2019,19,40-44,4
2584,2019,19,45-49,2
2585,2019,19,NS/N.P.,178
2586,2019,20,<20,61
2587,2019,20,20-24,701
2588,2019,20,25-29,196
2589,2019,20,30-34,65
2590,2019,20,35-39,30
2591,2019,20,40-44,8
2592,2019,20,45-49,2
2593,2019,20,50-54,1
2594,2019,20,60+,1
2595,2019,20,NS/N.P.,204
2596,2019,21,<20,44
2597,2019,21,20-24,1013
2598,2019,21,25-29,342
2599,2019,21,30-34,104
2600,2019,21,35-39,31
2601,2019,21,40-44,16
2602,2019,21,45-49,5
2603,2019,21,50-54,3
2604,2019,21,55-59,1
2605,2019,21,60+,1
2606,2019,21,NS/N.P.,248
2607,2019,22,<20,19
2608,2019,22,20-24,1134
2609,2019,22,25-29,610
2610,2019,22,30-34,187
2611,2019,22,35-39,53
2612,2019,22,40-44,15
2613,2019,22,45-49,12
2614,2019,22,50-54,3
2615,2019,22,55-59,3
2616,2019,22,NS/N.P.,268
2617,2019,23,<20,12
2618,2019,23,20-24,1214
2619,2019,23,25-29,933
2620,2019,23,30-34,333
2621,2019,23,35-39,95
2622,2019,23,40-44,29
2623,2019,23,45-49,12
2624,2019,23,50-54,5
2625,2019,23,55-59,3
2626,2019,23,60+,1
2627,2019,23,NS/N.P.,290
2628,2019,24,<20,15
2629,2019,24,20-24,1193
2630,2019,24,25-29,1608
2631,2019,24,30-34,551
2632,2019,24,35-39,131
2633,2019,24,40-44,43
2634,2019,24,45-49,14
2635,2019,24,50-54,5
2636,2019,24,55-59,2
2637,2019,24,60+,1
2638,2019,24,NS/N.P.,340
2639,2019,25,<20,6
2640,2019,25,20-24,949
2641,2019,25,25-29,2200
2642,2019,25,30-34,804
2643,2019,25,35-39,209
2644,2019,25,40-44,57
2645,2019,25,45-49,31
2646,2019,25,50-54,7
2647,2019,25,55-59,2
2648,2019,25,60+,1
2649,2019,25,NS/N.P.,326
2650,2019,26,<20,2
2651,2019,26,20-24,569
2652,2019,26,25-29,3060
2653,2019,26,30-34,1308
2654,2019,26,35-39,319
2655,2019,26,40-44,85
2656,2019,26,45-49,28
2657,2019,26,50-54,7
2658,2019,26,60+,4
2659,2019,26,NS/N.P.,362
2660,2019,27,<20,2
2661,2019,27,20-24,329
2662,2019,27,25-29,3874
2663,2019,27,30-34,2000
2664,2019,27,35-39,487
2665,2019,27,40-44,120
2666,2019,27,45-49,40
2667,2019,27,50-54,16
2668,2019,27,55-59,6
2669,2019,27,60+,2
2670,2019,27,NS/N.P.,372
2671,2019,28,<20,4
2672,2019,28,20-24,207
2673,2019,28,25-29,4272
2674,2019,28,30-34,2868
2675,2019,28,35-39,756
2676,2019,28,40-44,162
2677,2019,28,45-49,56
2678,2019,28,50-54,11
2679,2019,28,55-59,7
2680,2019,28,60+,1
2681,2019,28,NS/N.P.,436
2682,2019,29,<20,1
2683,2019,29,20-24,141
2684,2019,29,25-29,4144
2685,2019,29,30-34,4083
2686,2019,29,35-39,1046
2687,2019,29,40-44,208
2688,2019,29,45-49,72
2689,2019,29,50-54,23
2690,2019,29,55-59,10
2691,2019,29,60+,3
2692,2019,29,NS/N.P.,438
2693,2019,30,<20,1
2694,2019,30,20-24,102
2695,2019,30,25-29,3127
2696,2019,30,30-34,5462
2697,2019,30,35-39,1400
2698,2019,30,40-44,347
2699,2019,30,45-49,85
2700,2019,30,50-54,33
2701,2019,30,55-59,11
2702,2019,30,60+,5
2703,2019,30,NS/N.P.,377
2704,2019,31,<20,1
2705,2019,31,20-24,84
2706,2019,31,25-29,1722
2707,2019,31,30-34,6738
2708,2019,31,35-39,1812
2709,2019,31,40-44,424
2710,2019,31,45-49,105
2711,2019,31,50-54,36
2712,2019,31,55-59,12
2713,2019,31,60+,6
2714,2019,31,NS/N.P.,427
2715,2019,32,<20,1
2716,2019,32,20-24,67
2717,2019,32,25-29,902
2718,2019,32,30-34,6627
2719,2019,32,35-39,2422
2720,2019,32,40-44,503
2721,2019,32,45-49,143
2722,2019,32,50-54,33
2723,2019,32,55-59,8
2724,2019,32,60+,6
2725,2019,32,NS/N.P.,368
2726,2019,33,20-24,41
2727,2019,33,25-29,607
2728,2019,33,30-34,5858
2729,2019,33,35-39,3072
2730,2019,33,40-44,668
2731,2019,33,45-49,155
2732,2019,33,50-54,42
2733,2019,33,55-59,15
2734,2019,33,60+,6
2735,2019,33,NS/N.P.,387
2736,2019,34,<20,2
2737,2019,34,20-24,35
2738,2019,34,25-29,449
2739,2019,34,30-34,4589
2740,2019,34,35-39,3517
2741,2019,34,40-44,799
2742,2019,34,45-49,239
2743,2019,34,50-54,60
2744,2019,34,55-59,22
2745,2019,34,60+,7
2746,2019,34,NS/N.P.,370
2747,2019,35,20-24,23
2748,2019,35,25-29,282
2749,2019,35,30-34,3069
2750,2019,35,35-39,3680
2751,2019,35,40-44,1026
2752,2019,35,45-49,264
2753,2019,35,50-54,77
2754,2019,35,55-59,27
2755,2019,35,60+,14
2756,2019,35,NS/N.P.,345
2757,2019,36,20-24,31
2758,2019,36,25-29,186
2759,2019,36,30-34,1679
2760,2019,36,35-39,3783
2761,2019,36,40-44,1090
2762,2019,36,45-49,300
2763,2019,36,50-54,86
2764,2019,36,55-59,33
2765,2019,36,60+,15
2766,2019,36,NS/N.P.,310
2767,2019,37,20-24,14
2768,2019,37,25-29,147
2769,2019,37,30-34,948
2770,2019,37,35-39,3069
2771,2019,37,40-44,1090
2772,2019,37,45-49,319
2773,2019,37,50-54,79
2774,2019,37,55-59,30
2775,2019,37,60+,10
2776,2019,37,NS/N.P.,281
2777,2019,38,20-24,18
2778,2019,38,25-29,96
2779,2019,38,30-34,561
2780,2019,38,35-39,2188
2781,2019,38,40-44,1061
2782,2019,38,45-49,305
2783,2019,38,50-54,71
2784,2019,38,55-59,34
2785,2019,38,60+,12
2786,2019,38,NS/N.P.,208
2787,2019,39,20-24,10
2788,2019,39,25-29,73
2789,2019,39,30-34,347
2790,2019,39,35-39,1455
2791,2019,39,40-44,1036
2792,2019,39,45-49,340
2793,2019,39,50-54,93
2794,2019,39,55-59,27
2795,2019,39,60+,11
2796,2019,39,NS/N.P.,185
2797,2019,40,20-24,5
2798,2019,40,25-29,45
2799,2019,40,30-34,195
2800,2019,40,35-39,818
2801,2019,40,40-44,927
2802,2019,40,45-49,296
2803,2019,40,50-54,96
2804,2019,40,55-59,18
2805,2019,40,60+,10
2806,2019,40,NS/N.P.,160
2807,2019,41,20-24,1
2808,2019,41,25-29,18
2809,2019,41,30-34,112
2810,2019,41,35-39,399
2811,2019,41,40-44,704
2812,2019,41,45-49,258
2813,2019,41,50-54,64
2814,2019,41,55-59,19
2815,2019,41,60+,10
2816,2019,41,NS/N.P.,101
2817,2019,42,20-24,7
2818,2019,42,25-29,14
2819,2019,42,30-34,64
2820,2019,42,35-39,212
2821,2019,42,40-44,416
2822,2019,42,45-49,188
2823,2019,42,50-54,66
2824,2019,42,55-59,23
2825,2019,42,60+,6
2826,2019,42,NS/N.P.,77
2827,2019,43,20-24,2
2828,2019,43,25-29,7
2829,2019,43,30-34,42
2830,2019,43,35-39,119
2831,2019,43,40-44,236
2832,2019,43,45-49,129
2833,2019,43,50-54,55
2834,2019,43,55-59,16
2835,2019,43,60+,7
2836,2019,43,NS/N.P.,55
2837,2019,44,20-24,1
2838,2019,44,25-29,7
2839,2019,44,30-34,19
2840,2019,44,35-39,51
2841,2019,44,40-44,143
2842,2019,44,45-49,83
2843,2019,44,50-54,31
2844,2019,44,55-59,11
2845,2019,44,60+,3
2846,2019,44,NS/N.P.,44
2847,2020,<15,<20,5
2848,2020,<15,NS/N.P.,3
2849,2020,>44,20-24,2
2850,2020,>44,25-29,9
2851,2020,>44,30-34,24
2852,2020,>44,35-39,65
2853,2020,>44,40-44,120
2854,2020,>44,45-49,171
2855,2020,>44,50-54,73
2856,2020,>44,55-59,33
2857,2020,>44,60+,16
2858,2020,>44,NS/N.P.,57
2859,2020,NS/N.P.,20-24,2
2860,2020,NS/N.P.,NS/N.P.,87
2861,2020,15,<20,19
2862,2020,15,20-24,2
2863,2020,15,25-29,1
2864,2020,15,NS/N.P.,17
2865,2020,16,<20,56
2866,2020,16,20-24,14
2867,2020,16,NS/N.P.,26
2868,2020,17,<20,107
2869,2020,17,20-24,73
2870,2020,17,25-29,8
2871,2020,17,30-34,2
2872,2020,17,35-39,2
2873,2020,17,45-49,1
2874,2020,17,NS/N.P.,58
2875,2020,18,<20,140
2876,2020,18,20-24,168
2877,2020,18,25-29,22
2878,2020,18,30-34,6
2879,2020,18,35-39,2
2880,2020,18,40-44,1
2881,2020,18,45-49,1
2882,2020,18,NS/N.P.,103
2883,2020,19,<20,124
2884,2020,19,20-24,391
2885,2020,19,25-29,70
2886,2020,19,30-34,20
2887,2020,19,35-39,10
2888,2020,19,40-44,3
2889,2020,19,50-54,1
2890,2020,19,NS/N.P.,147
2891,2020,20,<20,67
2892,2020,20,20-24,696
2893,2020,20,25-29,181
2894,2020,20,30-34,63
2895,2020,20,35-39,12
2896,2020,20,40-44,5
2897,2020,20,45-49,3
2898,2020,20,50-54,1
2899,2020,20,55-59,1
2900,2020,20,60+,1
2901,2020,20,NS/N.P.,198
2902,2020,21,<20,36
2903,2020,21,20-24,964
2904,2020,21,25-29,329
2905,2020,21,30-34,102
2906,2020,21,35-39,33
2907,2020,21,40-44,3
2908,2020,21,45-49,2
2909,2020,21,50-54,4
2910,2020,21,NS/N.P.,193
2911,2020,22,<20,14
2912,2020,22,20-24,1128
2913,2020,22,25-29,580
2914,2020,22,30-34,185
2915,2020,22,35-39,58
2916,2020,22,40-44,16
2917,2020,22,45-49,11
2918,2020,22,50-54,4
2919,2020,22,60+,1
2920,2020,22,NS/N.P.,223
2921,2020,23,<20,5
2922,2020,23,20-24,1208
2923,2020,23,25-29,882
2924,2020,23,30-34,296
2925,2020,23,35-39,86
2926,2020,23,40-44,27
2927,2020,23,45-49,6
2928,2020,23,50-54,3
2929,2020,23,55-59,3
2930,2020,23,60+,2
2931,2020,23,NS/N.P.,215
2932,2020,24,<20,5
2933,2020,24,20-24,1157
2934,2020,24,25-29,1423
2935,2020,24,30-34,473
2936,2020,24,35-39,123
2937,2020,24,40-44,41
2938,2020,24,45-49,17
2939,2020,24,50-54,4
2940,2020,24,55-59,4
2941,2020,24,NS/N.P.,240
2942,2020,25,<20,7
2943,2020,25,20-24,948
2944,2020,25,25-29,2169
2945,2020,25,30-34,788
2946,2020,25,35-39,207
2947,2020,25,40-44,72
2948,2020,25,45-49,15
2949,2020,25,50-54,6
2950,2020,25,55-59,1
2951,2020,25,60+,3
2952,2020,25,NS/N.P.,296
2953,2020,26,<20,3
2954,2020,26,20-24,578
2955,2020,26,25-29,2961
2956,2020,26,30-34,1253
2957,2020,26,35-39,310
2958,2020,26,40-44,79
2959,2020,26,45-49,25
2960,2020,26,50-54,6
2961,2020,26,55-59,3
2962,2020,26,60+,1
2963,2020,26,NS/N.P.,306
2964,2020,27,<20,1
2965,2020,27,20-24,303
2966,2020,27,25-29,3706
2967,2020,27,30-34,1789
2968,2020,27,35-39,473
2969,2020,27,40-44,120
2970,2020,27,45-49,35
2971,2020,27,50-54,11
2972,2020,27,55-59,4
2973,2020,27,NS/N.P.,296
2974,2020,28,<20,3
2975,2020,28,20-24,185
2976,2020,28,25-29,4015
2977,2020,28,30-34,2688
2978,2020,28,35-39,691
2979,2020,28,40-44,167
2980,2020,28,45-49,48
2981,2020,28,50-54,21
2982,2020,28,55-59,5
2983,2020,28,60+,4
2984,2020,28,NS/N.P.,355
2985,2020,29,20-24,165
2986,2020,29,25-29,4009
2987,2020,29,30-34,3910
2988,2020,29,35-39,1020
2989,2020,29,40-44,221
2990,2020,29,45-49,64
2991,2020,29,50-54,20
2992,2020,29,55-59,5
2993,2020,29,60+,3
2994,2020,29,NS/N.P.,349
2995,2020,30,<20,2
2996,2020,30,20-24,90
2997,2020,30,25-29,3055
2998,2020,30,30-34,5487
2999,2020,30,35-39,1336
3000,2020,30,40-44,271
3001,2020,30,45-49,72
3002,2020,30,50-54,23
3003,2020,30,55-59,8
3004,2020,30,60+,5
3005,2020,30,NS/N.P.,347
3006,2020,31,20-24,81
3007,2020,31,25-29,1746
3008,2020,31,30-34,6659
3009,2020,31,35-39,1821
3010,2020,31,40-44,394
3011,2020,31,45-49,121
3012,2020,31,50-54,36
3013,2020,31,55-59,13
3014,2020,31,60+,5
3015,2020,31,NS/N.P.,358
3016,2020,32,20-24,67
3017,2020,32,25-29,978
3018,2020,32,30-34,6682
3019,2020,32,35-39,2352
3020,2020,32,40-44,500
3021,2020,32,45-49,111
3022,2020,32,50-54,32
3023,2020,32,55-59,17
3024,2020,32,60+,6
3025,2020,32,NS/N.P.,304
3026,2020,33,<20,1
3027,2020,33,20-24,49
3028,2020,33,25-29,603
3029,2020,33,30-34,6046
3030,2020,33,35-39,2979
3031,2020,33,40-44,667
3032,2020,33,45-49,155
3033,2020,33,50-54,53
3034,2020,33,55-59,27
3035,2020,33,60+,4
3036,2020,33,NS/N.P.,275
3037,2020,34,20-24,28
3038,2020,34,25-29,408
3039,2020,34,30-34,4523
3040,2020,34,35-39,3571
3041,2020,34,40-44,742
3042,2020,34,45-49,209
3043,2020,34,50-54,69
3044,2020,34,55-59,16
3045,2020,34,60+,10
3046,2020,34,NS/N.P.,293
3047,2020,35,20-24,27
3048,2020,35,25-29,266
3049,2020,35,30-34,3065
3050,2020,35,35-39,3708
3051,2020,35,40-44,950
3052,2020,35,45-49,227
3053,2020,35,50-54,59
3054,2020,35,55-59,10
3055,2020,35,60+,11
3056,2020,35,NS/N.P.,277
3057,2020,36,20-24,22
3058,2020,36,25-29,204
3059,2020,36,30-34,1678
3060,2020,36,35-39,3792
3061,2020,36,40-44,1068
3062,2020,36,45-49,258
3063,2020,36,50-54,83
3064,2020,36,55-59,27
3065,2020,36,60+,9
3066,2020,36,NS/N.P.,238
3067,2020,37,20-24,19
3068,2020,37,25-29,140
3069,2020,37,30-34,925
3070,2020,37,35-39,3066
3071,2020,37,40-44,1116
3072,2020,37,45-49,301
3073,2020,37,50-54,77
3074,2020,37,55-59,29
3075,2020,37,60+,7
3076,2020,37,NS/N.P.,228
3077,2020,38,20-24,14
3078,2020,38,25-29,93
3079,2020,38,30-34,553
3080,2020,38,35-39,2197
3081,2020,38,40-44,1135
3082,2020,38,45-49,309
3083,2020,38,50-54,88
3084,2020,38,55-59,26
3085,2020,38,60+,10
3086,2020,38,NS/N.P.,200
3087,2020,39,20-24,11
3088,2020,39,25-29,67
3089,2020,39,30-34,325
3090,2020,39,35-39,1441
3091,2020,39,40-44,998
3092,2020,39,45-49,305
3093,2020,39,50-54,104
3094,2020,39,55-59,23
3095,2020,39,60+,13
3096,2020,39,NS/N.P.,173
3097,2020,40,20-24,9
3098,2020,40,25-29,48
3099,2020,40,30-34,175
3100,2020,40,35-39,824
3101,2020,40,40-44,922
3102,2020,40,45-49,300
3103,2020,40,50-54,80
3104,2020,40,55-59,24
3105,2020,40,60+,4
3106,2020,40,NS/N.P.,140
3107,2020,41,20-24,3
3108,2020,41,25-29,28
3109,2020,41,30-34,135
3110,2020,41,35-39,445
3111,2020,41,40-44,672
3112,2020,41,45-49,234
3113,2020,41,50-54,75
3114,2020,41,55-59,28
3115,2020,41,60+,7
3116,2020,41,NS/N.P.,122
3117,2020,42,25-29,20
3118,2020,42,30-34,55
3119,2020,42,35-39,205
3120,2020,42,40-44,477
3121,2020,42,45-49,172
3122,2020,42,50-54,54
3123,2020,42,55-59,24
3124,2020,42,60+,9
3125,2020,42,NS/N.P.,67
3126,2020,43,25-29,7
3127,2020,43,30-34,32
3128,2020,43,35-39,112
3129,2020,43,40-44,269
3130,2020,43,45-49,145
3131,2020,43,50-54,48
3132,2020,43,55-59,8
3133,2020,43,60+,4
3134,2020,43,NS/N.P.,46
3135,2020,44,25-29,10
3136,2020,44,30-34,13
3137,2020,44,35-39,63
3138,2020,44,40-44,136
3139,2020,44,45-49,68
3140,2020,44,50-54,25
3141,2020,44,55-59,10
3142,2020,44,60+,5
3143,2020,44,NS/N.P.,26
3144,2021,<15,<20,2
3145,2021,<15,35-39,1
3146,2021,<15,NS/N.P.,3
3147,2021,>44,20-24,1
3148,2021,>44,25-29,5
3149,2021,>44,30-34,29
3150,2021,>44,35-39,73
3151,2021,>44,40-44,114
3152,2021,>44,45-49,141
3153,2021,>44,50-54,70
3154,2021,>44,55-59,33
3155,2021,>44,60+,16
3156,2021,>44,NS/N.P.,60
3157,2021,NS/N.P.,20-24,1
3158,2021,NS/N.P.,NS/N.P.,64
3159,2021,15,<20,17
3160,2021,15,20-24,2
3161,2021,15,NS/N.P.,13
3162,2021,16,<20,56
3163,2021,16,20-24,9
3164,2021,16,25-29,1
3165,2021,16,NS/N.P.,21
3166,2021,17,<20,89
3167,2021,17,20-24,61
3168,2021,17,25-29,3
3169,2021,17,30-34,3
3170,2021,17,NS/N.P.,33
3171,2021,18,<20,128
3172,2021,18,20-24,158
3173,2021,18,25-29,23
3174,2021,18,30-34,2
3175,2021,18,35-39,1
3176,2021,18,NS/N.P.,86
3177,2021,19,<20,119
3178,2021,19,20-24,332
3179,2021,19,25-29,61
3180,2021,19,30-34,11
3181,2021,19,35-39,6
3182,2021,19,40-44,1
3183,2021,19,45-49,1
3184,2021,19,50-54,1
3185,2021,19,NS/N.P.,99
3186,2021,20,<20,69
3187,2021,20,20-24,602
3188,2021,20,25-29,140
3189,2021,20,30-34,44
3190,2021,20,35-39,11
3191,2021,20,40-44,4
3192,2021,20,45-49,2
3193,2021,20,50-54,2
3194,2021,20,55-59,1
3195,2021,20,NS/N.P.,121
3196,2021,21,<20,13
3197,2021,21,20-24,921
3198,2021,21,25-29,299
3199,2021,21,30-34,80
3200,2021,21,35-39,25
3201,2021,21,40-44,15
3202,2021,21,45-49,5
3203,2021,21,55-59,2
3204,2021,21,NS/N.P.,147
3205,2021,22,<20,15
3206,2021,22,20-24,1056
3207,2021,22,25-29,502
3208,2021,22,30-34,184
3209,2021,22,35-39,51
3210,2021,22,40-44,17
3211,2021,22,45-49,7
3212,2021,22,50-54,2
3213,2021,22,55-59,1
3214,2021,22,NS/N.P.,164
3215,2021,23,<20,8
3216,2021,23,20-24,1131
3217,2021,23,25-29,799
3218,2021,23,30-34,275
3219,2021,23,35-39,86
3220,2021,23,40-44,26
3221,2021,23,45-49,12
3222,2021,23,50-54,4
3223,2021,23,60+,1
3224,2021,23,NS/N.P.,188
3225,2021,24,<20,3
3226,2021,24,20-24,1081
3227,2021,24,25-29,1349
3228,2021,24,30-34,445
3229,2021,24,35-39,122
3230,2021,24,40-44,28
3231,2021,24,45-49,9
3232,2021,24,50-54,2
3233,2021,24,55-59,1
3234,2021,24,60+,1
3235,2021,24,NS/N.P.,189
3236,2021,25,<20,5
3237,2021,25,20-24,908
3238,2021,25,25-29,2127
3239,2021,25,30-34,720
3240,2021,25,35-39,212
3241,2021,25,40-44,44
3242,2021,25,45-49,12
3243,2021,25,50-54,4
3244,2021,25,55-59,4
3245,2021,25,60+,2
3246,2021,25,NS/N.P.,185
3247,2021,26,20-24,542
3248,2021,26,25-29,3042
3249,2021,26,30-34,1230
3250,2021,26,35-39,306
3251,2021,26,40-44,75
3252,2021,26,45-49,23
3253,2021,26,50-54,8
3254,2021,26,55-59,5
3255,2021,26,60+,2
3256,2021,26,NS/N.P.,261
3257,2021,27,20-24,316
3258,2021,27,25-29,3691
3259,2021,27,30-34,1837
3260,2021,27,35-39,477
3261,2021,27,40-44,103
3262,2021,27,45-49,21
3263,2021,27,50-54,10
3264,2021,27,55-59,5
3265,2021,27,60+,2
3266,2021,27,NS/N.P.,260
3267,2021,28,20-24,194
3268,2021,28,25-29,4257
3269,2021,28,30-34,2833
3270,2021,28,35-39,682
3271,2021,28,40-44,143
3272,2021,28,45-49,37
3273,2021,28,50-54,17
3274,2021,28,55-59,3
3275,2021,28,60+,2
3276,2021,28,NS/N.P.,264
3277,2021,29,20-24,120
3278,2021,29,25-29,4060
3279,2021,29,30-34,4129
3280,2021,29,35-39,966
3281,2021,29,40-44,215
3282,2021,29,45-49,70
3283,2021,29,50-54,21
3284,2021,29,55-59,3
3285,2021,29,60+,4
3286,2021,29,NS/N.P.,283
3287,2021,30,20-24,92
3288,2021,30,25-29,3298
3289,2021,30,30-34,5701
3290,2021,30,35-39,1428
3291,2021,30,40-44,302
3292,2021,30,45-49,77
3293,2021,30,50-54,20
3294,2021,30,55-59,8
3295,2021,30,60+,1
3296,2021,30,NS/N.P.,290
3297,2021,31,<20,1
3298,2021,31,20-24,78
3299,2021,31,25-29,1788
3300,2021,31,30-34,7707
3301,2021,31,35-39,1966
3302,2021,31,40-44,377
3303,2021,31,45-49,105
3304,2021,31,50-54,39
3305,2021,31,55-59,16
3306,2021,31,60+,7
3307,2021,31,NS/N.P.,288
3308,2021,32,20-24,51
3309,2021,32,25-29,1004
3310,2021,32,30-34,7471
3311,2021,32,35-39,2568
3312,2021,32,40-44,508
3313,2021,32,45-49,107
3314,2021,32,50-54,28
3315,2021,32,55-59,15
3316,2021,32,60+,5
3317,2021,32,NS/N.P.,277
3318,2021,33,<20,1
3319,2021,33,20-24,39
3320,2021,33,25-29,572
3321,2021,33,30-34,6443
3322,2021,33,35-39,3164
3323,2021,33,40-44,621
3324,2021,33,45-49,152
3325,2021,33,50-54,52
3326,2021,33,55-59,14
3327,2021,33,60+,3
3328,2021,33,NS/N.P.,243
3329,2021,34,<20,1
3330,2021,34,20-24,44
3331,2021,34,25-29,377
3332,2021,34,30-34,4824
3333,2021,34,35-39,3749
3334,2021,34,40-44,854
3335,2021,34,45-49,176
3336,2021,34,50-54,70
3337,2021,34,55-59,19
3338,2021,34,60+,7
3339,2021,34,NS/N.P.,234
3340,2021,35,20-24,18
3341,2021,35,25-29,274
3342,2021,35,30-34,3332
3343,2021,35,35-39,4079
3344,2021,35,40-44,931
3345,2021,35,45-49,227
3346,2021,35,50-54,57
3347,2021,35,55-59,23
3348,2021,35,60+,7
3349,2021,35,NS/N.P.,219
3350,2021,36,20-24,10
3351,2021,36,25-29,182
3352,2021,36,30-34,1834
3353,2021,36,35-39,4201
3354,2021,36,40-44,1076
3355,2021,36,45-49,259
3356,2021,36,50-54,87
3357,2021,36,55-59,16
3358,2021,36,60+,12
3359,2021,36,NS/N.P.,243
3360,2021,37,20-24,10
3361,2021,37,25-29,130
3362,2021,37,30-34,1058
3363,2021,37,35-39,3476
3364,2021,37,40-44,1185
3365,2021,37,45-49,279
3366,2021,37,50-54,91
3367,2021,37,55-59,24
3368,2021,37,60+,11
3369,2021,37,NS/N.P.,187
3370,2021,38,20-24,11
3371,2021,38,25-29,90
3372,2021,38,30-34,610
3373,2021,38,35-39,2435
3374,2021,38,40-44,1170
3375,2021,38,45-49,299
3376,2021,38,50-54,84
3377,2021,38,55-59,16
3378,2021,38,60+,11
3379,2021,38,NS/N.P.,152
3380,2021,39,20-24,7
3381,2021,39,25-29,59
3382,2021,39,30-34,326
3383,2021,39,35-39,1547
3384,2021,39,40-44,1099
3385,2021,39,45-49,350
3386,2021,39,50-54,113
3387,2021,39,55-59,27
3388,2021,39,60+,10
3389,2021,39,NS/N.P.,154
3390,2021,40,20-24,4
3391,2021,40,25-29,37
3392,2021,40,30-34,180
3393,2021,40,35-39,922
3394,2021,40,40-44,961
3395,2021,40,45-49,297
3396,2021,40,50-54,78
3397,2021,40,55-59,20
3398,2021,40,60+,4
3399,2021,40,NS/N.P.,105
3400,2021,41,20-24,1
3401,2021,41,25-29,35
3402,2021,41,30-34,105
3403,2021,41,35-39,418
3404,2021,41,40-44,718
3405,2021,41,45-49,230
3406,2021,41,50-54,68
3407,2021,41,55-59,13
3408,2021,41,60+,10
3409,2021,41,NS/N.P.,119
3410,2021,42,20-24,3
3411,2021,42,25-29,17
3412,2021,42,30-34,69
3413,2021,42,35-39,187
3414,2021,42,40-44,458
3415,2021,42,45-49,212
3416,2021,42,50-54,57
3417,2021,42,55-59,21
3418,2021,42,60+,4
3419,2021,42,NS/N.P.,56
3420,2021,43,20-24,1
3421,2021,43,25-29,10
3422,2021,43,30-34,43
3423,2021,43,35-39,102
3424,2021,43,40-44,255
3425,2021,43,45-49,126
3426,2021,43,50-54,48
3427,2021,43,55-59,17
3428,2021,43,60+,7
3429,2021,43,NS/N.P.,42
3430,2021,44,20-24,1
3431,2021,44,25-29,6
3432,2021,44,30-34,18
3433,2021,44,35-39,45
3434,2021,44,40-44,128
3435,2021,44,45-49,93
3436,2021,44,50-54,28
3437,2021,44,55-59,5
3438,2021,44,60+,2
3439,2021,44,NS/N.P.,24
3440,2022,<15,<20,6
3441,2022,<15,30-34,1
3442,2022,<15,NS/N.P.,9
3443,2022,>44,20-24,3
3444,2022,>44,25-29,10
3445,2022,>44,30-34,27
3446,2022,>44,35-39,73
3447,2022,>44,40-44,157
3448,2022,>44,45-49,149
3449,2022,>44,50-54,80
3450,2022,>44,55-59,38
3451,2022,>44,60+,22
3452,2022,>44,NS/N.P.,63
3453,2022,15,<20,12
3454,2022,15,20-24,2
3455,2022,15,NS/N.P.,8
3456,2022,16,<20,48
3457,2022,16,20-24,13
3458,2022,16,NS/N.P.,22
3459,2022,17,<20,98
3460,2022,17,20-24,44
3461,2022,17,25-29,6
3462,2022,17,30-34,1
3463,2022,17,NS/N.P.,43
3464,2022,18,<20,125
3465,2022,18,20-24,138
3466,2022,18,25-29,13
3467,2022,18,30-34,4
3468,2022,18,35-39,3
3469,2022,18,50-54,1
3470,2022,18,NS/N.P.,81
3471,2022,19,<20,124
3472,2022,19,20-24,284
3473,2022,19,25-29,60
3474,2022,19,30-34,18
3475,2022,19,35-39,8
3476,2022,19,40-44,1
3477,2022,19,45-49,2
3478,2022,19,50-54,1
3479,2022,19,NS/N.P.,113
3480,2022,20,<20,69
3481,2022,20,20-24,518
3482,2022,20,25-29,149
3483,2022,20,30-34,41
3484,2022,20,35-39,11
3485,2022,20,40-44,4
3486,2022,20,45-49,2
3487,2022,20,NS/N.P.,127
3488,2022,21,<20,22
3489,2022,21,20-24,825
3490,2022,21,25-29,249
3491,2022,21,30-34,73
3492,2022,21,35-39,23
3493,2022,21,40-44,8
3494,2022,21,45-49,4
3495,2022,21,50-54,1
3496,2022,21,55-59,2
3497,2022,21,NS/N.P.,117
3498,2022,22,<20,9
3499,2022,22,20-24,907
3500,2022,22,25-29,484
3501,2022,22,30-34,158
3502,2022,22,35-39,46
3503,2022,22,40-44,17
3504,2022,22,45-49,7
3505,2022,22,NS/N.P.,174
3506,2022,23,<20,9
3507,2022,23,20-24,1004
3508,2022,23,25-29,786
3509,2022,23,30-34,283
3510,2022,23,35-39,84
3511,2022,23,40-44,21
3512,2022,23,45-49,7
3513,2022,23,50-54,1
3514,2022,23,NS/N.P.,200
3515,2022,24,<20,1
3516,2022,24,20-24,1067
3517,2022,24,25-29,1241
3518,2022,24,30-34,442
3519,2022,24,35-39,117
3520,2022,24,40-44,38
3521,2022,24,45-49,14
3522,2022,24,50-54,5
3523,2022,24,55-59,1
3524,2022,24,60+,2
3525,2022,24,NS/N.P.,175
3526,2022,25,<20,4
3527,2022,25,20-24,850
3528,2022,25,25-29,1939
3529,2022,25,30-34,723
3530,2022,25,35-39,182
3531,2022,25,40-44,53
3532,2022,25,45-49,13
3533,2022,25,50-54,4
3534,2022,25,55-59,3
3535,2022,25,60+,1
3536,2022,25,NS/N.P.,194
3537,2022,26,<20,2
3538,2022,26,20-24,511
3539,2022,26,25-29,2851
3540,2022,26,30-34,1138
3541,2022,26,35-39,300
3542,2022,26,40-44,74
3543,2022,26,45-49,21
3544,2022,26,50-54,8
3545,2022,26,55-59,3
3546,2022,26,60+,3
3547,2022,26,NS/N.P.,226
3548,2022,27,<20,2
3549,2022,27,20-24,312
3550,2022,27,25-29,3478
3551,2022,27,30-34,1851
3552,2022,27,35-39,398
3553,2022,27,40-44,114
3554,2022,27,45-49,30
3555,2022,27,50-54,11
3556,2022,27,55-59,5
3557,2022,27,60+,1
3558,2022,27,NS/N.P.,214
3559,2022,28,<20,2
3560,2022,28,20-24,185
3561,2022,28,25-29,3859
3562,2022,28,30-34,2625
3563,2022,28,35-39,596
3564,2022,28,40-44,155
3565,2022,28,45-49,42
3566,2022,28,50-54,11
3567,2022,28,55-59,9
3568,2022,28,60+,2
3569,2022,28,NS/N.P.,230
3570,2022,29,20-24,130
3571,2022,29,25-29,3810
3572,2022,29,30-34,3788
3573,2022,29,35-39,950
3574,2022,29,40-44,200
3575,2022,29,45-49,52
3576,2022,29,50-54,12
3577,2022,29,55-59,7
3578,2022,29,NS/N.P.,264
3579,2022,30,20-24,86
3580,2022,30,25-29,3025
3581,2022,30,30-34,5460
3582,2022,30,35-39,1308
3583,2022,30,40-44,298
3584,2022,30,45-49,75
3585,2022,30,50-54,19
3586,2022,30,55-59,7
3587,2022,30,60+,4
3588,2022,30,NS/N.P.,254
3589,2022,31,20-24,67
3590,2022,31,25-29,1721
3591,2022,31,30-34,7049
3592,2022,31,35-39,1828
3593,2022,31,40-44,397
3594,2022,31,45-49,96
3595,2022,31,50-54,32
3596,2022,31,55-59,14
3597,2022,31,60+,6
3598,2022,31,NS/N.P.,279
3599,2022,32,20-24,47
3600,2022,32,25-29,944
3601,2022,32,30-34,7268
3602,2022,32,35-39,2605
3603,2022,32,40-44,466
3604,2022,32,45-49,106
3605,2022,32,50-54,35
3606,2022,32,55-59,17
3607,2022,32,60+,5
3608,2022,32,NS/N.P.,230
3609,2022,33,20-24,29
3610,2022,33,25-29,538
3611,2022,33,30-34,6273
3612,2022,33,35-39,3153
3613,2022,33,40-44,654
3614,2022,33,45-49,136
3615,2022,33,50-54,40
3616,2022,33,55-59,19
3617,2022,33,60+,5
3618,2022,33,NS/N.P.,228
3619,2022,34,20-24,29
3620,2022,34,25-29,409
3621,2022,34,30-34,4757
3622,2022,34,35-39,3720
3623,2022,34,40-44,787
3624,2022,34,45-49,157
3625,2022,34,50-54,46
3626,2022,34,55-59,20
3627,2022,34,60+,7
3628,2022,34,NS/N.P.,187
3629,2022,35,20-24,26
3630,2022,35,25-29,272
3631,2022,35,30-34,3181
3632,2022,35,35-39,4114
3633,2022,35,40-44,984
3634,2022,35,45-49,213
3635,2022,35,50-54,68
3636,2022,35,55-59,23
3637,2022,35,60+,8
3638,2022,35,NS/N.P.,185
3639,2022,36,20-24,24
3640,2022,36,25-29,185
3641,2022,36,30-34,1660
3642,2022,36,35-39,4160
3643,2022,36,40-44,1087
3644,2022,36,45-49,276
3645,2022,36,50-54,60
3646,2022,36,55-59,24
3647,2022,36,60+,9
3648,2022,36,NS/N.P.,190
3649,2022,37,20-24,14
3650,2022,37,25-29,157
3651,2022,37,30-34,976
3652,2022,37,35-39,3472
3653,2022,37,40-44,1173
3654,2022,37,45-49,256
3655,2022,37,50-54,68
3656,2022,37,55-59,28
3657,2022,37,60+,9
3658,2022,37,NS/N.P.,184
3659,2022,38,20-24,6
3660,2022,38,25-29,101
3661,2022,38,30-34,547
3662,2022,38,35-39,2521
3663,2022,38,40-44,1154
3664,2022,38,45-49,297
3665,2022,38,50-54,65
3666,2022,38,55-59,24
3667,2022,38,60+,14
3668,2022,38,NS/N.P.,195
3669,2022,39,20-24,8
3670,2022,39,25-29,65
3671,2022,39,30-34,346
3672,2022,39,35-39,1607
3673,2022,39,40-44,1130
3674,2022,39,45-49,309
3675,2022,39,50-54,79
3676,2022,39,55-59,27
3677,2022,39,60+,19
3678,2022,39,NS/N.P.,142
3679,2022,40,20-24,7
3680,2022,40,25-29,37
3681,2022,40,30-34,196
3682,2022,40,35-39,899
3683,2022,40,40-44,1055
3684,2022,40,45-49,325
3685,2022,40,50-54,85
3686,2022,40,55-59,25
3687,2022,40,60+,6
3688,2022,40,NS/N.P.,98
3689,2022,41,20-24,2
3690,2022,41,25-29,33
3691,2022,41,30-34,108
3692,2022,41,35-39,486
3693,2022,41,40-44,745
3694,2022,41,45-49,247
3695,2022,41,50-54,80
3696,2022,41,55-59,20
3697,2022,41,60+,2
3698,2022,41,NS/N.P.,103
3699,2022,42,20-24,1
3700,2022,42,25-29,11
3701,2022,42,30-34,72
3702,2022,42,35-39,233
3703,2022,42,40-44,477
3704,2022,42,45-49,226
3705,2022,42,50-54,61
3706,2022,42,55-59,20
3707,2022,42,60+,7
3708,2022,42,NS/N.P.,47
3709,2022,43,25-29,6
3710,2022,43,30-34,52
3711,2022,43,35-39,113
3712,2022,43,40-44,273
3713,2022,43,45-49,151
3714,2022,43,50-54,51
3715,2022,43,55-59,15
3716,2022,43,60+,7
3717,2022,43,NS/N.P.,43
3718,2022,44,25-29,3
3719,2022,44,30-34,28
3720,2022,44,35-39,59
3721,2022,44,40-44,161
3722,2022,44,45-49,113
3723,2022,44,50-54,25
3724,2022,44,55-59,11
3725,2022,44,60+,3
3726,2022,44,NS/N.P.,28
3727,2023,<15,<20,1
3728,2023,<15,NS/N.P.,1
3729,2023,>44,20-24,4
3730,2023,>44,25-29,14
3731,2023,>44,30-34,27
3732,2023,>44,35-39,78
3733,2023,>44,40-44,148
3734,2023,>44,45-49,208
3735,2023,>44,50-54,92
3736,2023,>44,55-59,25
3737,2023,>44,60+,26
3738,2023,>44,NS/N.P.,56
3739,2023,,25-29,1
3740,2023,,NS/N.P.,95
3741,2023,15,<20,11
3742,2023,15,20-24,3
3743,2023,15,NS/N.P.,14
3744,2023,16,<20,44
3745,2023,16,20-24,11
3746,2023,16,25-29,2
3747,2023,16,30-34,1
3748,2023,16,NS/N.P.,23
3749,2023,17,<20,90
3750,2023,17,20-24,43
3751,2023,17,25-29,6
3752,2023,17,30-34,2
3753,2023,17,NS/N.P.,33
3754,2023,18,<20,111
3755,2023,18,20-24,124
3756,2023,18,25-29,19
3757,2023,18,30-34,1
3758,2023,18,35-39,3
3759,2023,18,NS/N.P.,63
3760,2023,19,<20,120
3761,2023,19,20-24,307
3762,2023,19,25-29,58
3763,2023,19,30-34,13
3764,2023,19,35-39,5
3765,2023,19,40-44,1
3766,2023,19,45-49,2
3767,2023,19,50-54,2
3768,2023,19,55-59,1
3769,2023,19,NS/N.P.,99
3770,2023,20,<20,63
3771,2023,20,20-24,517
3772,2023,20,25-29,127
3773,2023,20,30-34,50
3774,2023,20,35-39,11
3775,2023,20,40-44,3
3776,2023,20,45-49,2
3777,2023,20,50-54,1
3778,2023,20,NS/N.P.,117
3779,2023,21,<20,29
3780,2023,21,20-24,741
3781,2023,21,25-29,287
3782,2023,21,30-34,85
3783,2023,21,35-39,25
3784,2023,21,40-44,6
3785,2023,21,45-49,4
3786,2023,21,50-54,2
3787,2023,21,55-59,1
3788,2023,21,NS/N.P.,136
3789,2023,22,<20,14
3790,2023,22,20-24,952
3791,2023,22,25-29,493
3792,2023,22,30-34,169
3793,2023,22,35-39,57
3794,2023,22,40-44,15
3795,2023,22,45-49,5
3796,2023,22,50-54,2
3797,2023,22,NS/N.P.,166
3798,2023,23,<20,14
3799,2023,23,20-24,1051
3800,2023,23,25-29,808
3801,2023,23,30-34,262
3802,2023,23,35-39,87
3803,2023,23,40-44,21
3804,2023,23,45-49,5
3805,2023,23,50-54,3
3806,2023,23,55-59,2
3807,2023,23,NS/N.P.,183
3808,2023,24,<20,7
3809,2023,24,20-24,938
3810,2023,24,25-29,1212
3811,2023,24,30-34,451
3812,2023,24,35-39,135
3813,2023,24,40-44,44
3814,2023,24,45-49,14
3815,2023,24,50-54,5
3816,2023,24,55-59,3
3817,2023,24,60+,1
3818,2023,24,NS/N.P.,182
3819,2023,25,<20,1
3820,2023,25,20-24,813
3821,2023,25,25-29,2015
3822,2023,25,30-34,734
3823,2023,25,35-39,180
3824,2023,25,40-44,55
3825,2023,25,45-49,17
3826,2023,25,50-54,7
3827,2023,25,55-59,1
3828,2023,25,NS/N.P.,216
3829,2023,26,<20,3
3830,2023,26,20-24,500
3831,2023,26,25-29,2800
3832,2023,26,30-34,1167
3833,2023,26,35-39,300
3834,2023,26,40-44,64
3835,2023,26,45-49,20
3836,2023,26,50-54,8
3837,2023,26,60+,1
3838,2023,26,NS/N.P.,221
3839,2023,27,<20,1
3840,2023,27,20-24,289
3841,2023,27,25-29,3658
3842,2023,27,30-34,1841
3843,2023,27,35-39,420
3844,2023,27,40-44,118
3845,2023,27,45-49,31
3846,2023,27,50-54,7
3847,2023,27,55-59,8
3848,2023,27,60+,1
3849,2023,27,NS/N.P.,249
3850,2023,28,<20,1
3851,2023,28,20-24,193
3852,2023,28,25-29,4063
3853,2023,28,30-34,2735
3854,2023,28,35-39,645
3855,2023,28,40-44,136
3856,2023,28,45-49,40
3857,2023,28,50-54,17
3858,2023,28,55-59,4
3859,2023,28,60+,2
3860,2023,28,NS/N.P.,258
3861,2023,29,<20,1
3862,2023,29,20-24,140
3863,2023,29,25-29,3872
3864,2023,29,30-34,3931
3865,2023,29,35-39,922
3866,2023,29,40-44,185
3867,2023,29,45-49,64
3868,2023,29,50-54,25
3869,2023,29,55-59,5
3870,2023,29,60+,6
3871,2023,29,NS/N.P.,251
3872,2023,30,<20,1
3873,2023,30,20-24,103
3874,2023,30,25-29,3033
3875,2023,30,30-34,5641
3876,2023,30,35-39,1342
3877,2023,30,40-44,249
3878,2023,30,45-49,62
3879,2023,30,50-54,32
3880,2023,30,55-59,6
3881,2023,30,60+,6
3882,2023,30,NS/N.P.,246
3883,2023,31,20-24,69
3884,2023,31,25-29,1705
3885,2023,31,30-34,7163
3886,2023,31,35-39,1900
3887,2023,31,40-44,388
3888,2023,31,45-49,72
3889,2023,31,50-54,24
3890,2023,31,55-59,13
3891,2023,31,60+,5
3892,2023,31,NS/N.P.,263
3893,2023,32,<20,1
3894,2023,32,20-24,51
3895,2023,32,25-29,971
3896,2023,32,30-34,7439
3897,2023,32,35-39,2397
3898,2023,32,40-44,494
3899,2023,32,45-49,128
3900,2023,32,50-54,38
3901,2023,32,55-59,17
3902,2023,32,60+,4
3903,2023,32,NS/N.P.,250
3904,2023,33,20-24,37
3905,2023,33,25-29,623
3906,2023,33,30-34,6708
3907,2023,33,35-39,3192
3908,2023,33,40-44,636
3909,2023,33,45-49,150
3910,2023,33,50-54,35
3911,2023,33,55-59,21
3912,2023,33,60+,6
3913,2023,33,NS/N.P.,221
3914,2023,34,<20,1
3915,2023,34,20-24,25
3916,2023,34,25-29,373
3917,2023,34,30-34,4914
3918,2023,34,35-39,3718
3919,2023,34,40-44,780
3920,2023,34,45-49,157
3921,2023,34,50-54,47
3922,2023,34,55-59,20
3923,2023,34,60+,3
3924,2023,34,NS/N.P.,219
3925,2023,35,20-24,23
3926,2023,35,25-29,232
3927,2023,35,30-34,3176
3928,2023,35,35-39,4383
3929,2023,35,40-44,964
3930,2023,35,45-49,226
3931,2023,35,50-54,49
3932,2023,35,55-59,15
3933,2023,35,60+,8
3934,2023,35,NS/N.P.,226
3935,2023,36,20-24,14
3936,2023,36,25-29,215
3937,2023,36,30-34,1776
3938,2023,36,35-39,4165
3939,2023,36,40-44,1128
3940,2023,36,45-49,241
3941,2023,36,50-54,65
3942,2023,36,55-59,24
3943,2023,36,60+,10
3944,2023,36,NS/N.P.,200
3945,2023,37,20-24,20
3946,2023,37,25-29,123
3947,2023,37,30-34,920
3948,2023,37,35-39,3434
3949,2023,37,40-44,1230
3950,2023,37,45-49,268
3951,2023,37,50-54,84
3952,2023,37,55-59,22
3953,2023,37,60+,10
3954,2023,37,NS/N.P.,177
3955,2023,38,20-24,12
3956,2023,38,25-29,90
3957,2023,38,30-34,536
3958,2023,38,35-39,2543
3959,2023,38,40-44,1235
3960,2023,38,45-49,282
3961,2023,38,50-54,96
3962,2023,38,55-59,26
3963,2023,38,60+,8
3964,2023,38,NS/N.P.,167
3965,2023,39,20-24,10
3966,2023,39,25-29,56
3967,2023,39,30-34,344
3968,2023,39,35-39,1750
3969,2023,39,40-44,1103
3970,2023,39,45-49,279
3971,2023,39,50-54,82
3972,2023,39,55-59,27
3973,2023,39,60+,11
3974,2023,39,NS/N.P.,169
3975,2023,40,20-24,5
3976,2023,40,25-29,49
3977,2023,40,30-34,226
3978,2023,40,35-39,946
3979,2023,40,40-44,990
3980,2023,40,45-49,296
3981,2023,40,50-54,90
3982,2023,40,55-59,27
3983,2023,40,60+,17
3984,2023,40,NS/N.P.,135
3985,2023,41,20-24,4
3986,2023,41,25-29,30
3987,2023,41,30-34,116
3988,2023,41,35-39,430
3989,2023,41,40-44,743
3990,2023,41,45-49,241
3991,2023,41,50-54,62
3992,2023,41,55-59,25
3993,2023,41,60+,6
3994,2023,41,NS/N.P.,105
3995,2023,42,20-24,1
3996,2023,42,25-29,18
3997,2023,42,30-34,73
3998,2023,42,35-39,247
3999,2023,42,40-44,450
4000,2023,42,45-49,194
4001,2023,42,50-54,44
4002,2023,42,55-59,18
4003,2023,42,60+,10
4004,2023,42,NS/N.P.,71
4005,2023,43,25-29,4
4006,2023,43,30-34,40
4007,2023,43,35-39,118
4008,2023,43,40-44,270
4009,2023,43,45-49,153
4010,2023,43,50-54,52
4011,2023,43,55-59,16
4012,2023,43,60+,6
4013,2023,43,NS/N.P.,38
4014,2023,44,20-24,2
4015,2023,44,25-29,4
4016,2023,44,30-34,22
4017,2023,44,35-39,63
4018,2023,44,40-44,139
4019,2023,44,45-49,101
4020,2023,44,50-54,39
4021,2023,44,55-59,5
4022,2023,44,60+,7
4023,2023,44,NS/N.P.,28
